Key,SourceString
NAME_ID_ITEM_EQUIP_ONEHANDEDSWORD_DOUNOTSURUGI,"Copper Sword"
NAME_ID_ITEM_EQUIP_ONEHANDEDSWORD_ETENENOKEN,"Ethene Sword"
NAME_ID_ITEM_EQUIP_ONEHANDEDSWORD_SHOSHINSHAYOUNOKATATEKEN,"Beginners Sword"
NAME_ID_ITEM_EQUIP_ONEHANDEDSWORD_REIPIA,"Rapier"
NAME_ID_ITEM_EQUIP_ONEHANDEDSWORD_SEIDOUNOTSURUGI,"Bronze Sword"
NAME_ID_ITEM_EQUIP_ONEHANDEDSWORD_TETSUNOTSURUGI,"Iron Broadsword"
NAME_ID_ITEM_EQUIP_ONEHANDEDSWORD_SANZOKUNOSABERU,"Bandit Blade"
NAME_ID_ITEM_EQUIP_ONEHANDEDSWORD_BASUTADOSODO,"Bastard Sword"
NAME_ID_ITEM_EQUIP_ONEHANDEDSWORD_GINNOREIPIA,"Silver Rapier"
NAME_ID_ITEM_EQUIP_ONEHANDEDSWORD_HAGANENOTSURUGI,"Steel Broadsword"
NAME_ID_ITEM_EQUIP_ONEHANDEDSWORD_ULESUTANREIPIA,"Western Rapier"
NAME_ID_ITEM_EQUIP_ONEHANDEDSWORD_HAJYANOTSURUGI,"Cautery Sword"
NAME_ID_ITEM_EQUIP_ONEHANDEDSWORD_SENSHINOKEN,"Warrior's Sword"
NAME_ID_ITEM_EQUIP_ONEHANDEDSWORD_HAYABUSANOKEN,"Falcon Blade"
NAME_ID_ITEM_EQUIP_ONEHANDEDSWORD_MAKENSHINOREIPIA,"Fizzle Foil"
NAME_ID_ITEM_EQUIP_ONEHANDEDSWORD_DORAGONKIRA,"Dragonsbane"
NAME_ID_ITEM_EQUIP_ONEHANDEDSWORD_PURACHINASODO,"Platinum Sword"
NAME_ID_ITEM_EQUIP_ONEHANDEDSWORD_ZONBIKIRA,"Zombiesbane"
NAME_ID_ITEM_EQUIP_ONEHANDEDSWORD_HONOONOTSURUGI,"Fire Blade"
NAME_ID_ITEM_EQUIP_ONEHANDEDSWORD_KISEKINOTSURUGI,"Miracle Sword"
NAME_ID_ITEM_EQUIP_ONEHANDEDSWORD_METASURANOKEN,"Metal Slime Sword"
NAME_ID_ITEM_EQUIP_ONEHANDEDSWORD_ONIKISUNOMAKEN,"Onyx Magic Sword"
NAME_ID_ITEM_EQUIP_ONEHANDEDSWORD_HOSHIKUZUNOTSURUGI,"Stardust Sword"
NAME_ID_ITEM_EQUIP_ONEHANDEDSWORD_SEIOUNOTSURUGI,"Dryspell Sword"
NAME_ID_ITEM_EQUIP_ONEHANDEDSWORD_RAITONINGUSODO,"Thunderstorm Sword"
NAME_ID_ITEM_EQUIP_ONEHANDEDSWORD_MEITOUZANTETSUMARU,"Thousand-Fold Katana"
NAME_ID_ITEM_EQUIP_ONEHANDEDSWORD_TENMEINOTSURUGI,"Sword of Judgment"
NAME_ID_ITEM_EQUIP_ONEHANDEDSWORD_ROTONOTSURUGI,"Erdrick's Sword"
NAME_ID_ITEM_EQUIP_TWOHANDEDSWORD_DOUNOTAIKEN,"Copper Chopper"
NAME_ID_ITEM_EQUIP_TWOHANDEDSWORD_SHOSHINSHAYOUNORYOUTEKEN,"Beginners Greatsword"
NAME_ID_ITEM_EQUIP_TWOHANDEDSWORD_BIGGUBUREDO,"Broad Sword"
NAME_ID_ITEM_EQUIP_TWOHANDEDSWORD_SEIDOUNOTAIKEN,"Bronze Greatsword"
NAME_ID_ITEM_EQUIP_TWOHANDEDSWORD_TETSUNOTAIKEN,"Cast-Iron Claymore"
NAME_ID_ITEM_EQUIP_TWOHANDEDSWORD_BIGGUBUREDOTWO,"Broader Sword"
NAME_ID_ITEM_EQUIP_TWOHANDEDSWORD_SHADOUEJJI,"Black Blade"
NAME_ID_ITEM_EQUIP_TWOHANDEDSWORD_OOBASAMI,"Sizable Scissors"
NAME_ID_ITEM_EQUIP_TWOHANDEDSWORD_HAGANENOTAIKEN,"Carbon Steel Claymore"
NAME_ID_ITEM_EQUIP_TWOHANDEDSWORD_TAIMANOTACHI,"Banishing Blade"
NAME_ID_ITEM_EQUIP_TWOHANDEDSWORD_BURADDOEJJI,"Bloodletter Sword"
NAME_ID_ITEM_EQUIP_TWOHANDEDSWORD_KURESENTOEJJI,"Razer-Wing"
NAME_ID_ITEM_EQUIP_TWOHANDEDSWORD_ZANYANOTACHI,"Nightcleaver"
NAME_ID_ITEM_EQUIP_TWOHANDEDSWORD_PURACHINABUREDO,"Platinum Powersword"
NAME_ID_ITEM_EQUIP_TWOHANDEDSWORD_DEMONBASUTA,"Demonsbane"
NAME_ID_ITEM_EQUIP_TWOHANDEDSWORD_DORAGONBASUTA,"Wyrmfang"
NAME_ID_ITEM_EQUIP_TWOHANDEDSWORD_KINGUBUREDO,"Lord's Sword"
NAME_ID_ITEM_EQUIP_TWOHANDEDSWORD_TAIGOKUKEN,"Brimstone Blade"
NAME_ID_ITEM_EQUIP_TWOHANDEDSWORD_METASURANOTAIKEN,"Metal Gooreatsword"
NAME_ID_ITEM_EQUIP_TWOHANDEDSWORD_TENMANOTAIKEN,"Skysteed Sword"
NAME_ID_ITEM_EQUIP_TWOHANDEDSWORD_FOSUBUREDO,"Force Blade"
NAME_ID_ITEM_EQUIP_TWOHANDEDSWORD_SEIOUNOTAIKEN,"Dryspell Blade"
NAME_ID_ITEM_EQUIP_TWOHANDEDSWORD_ENPAIABUREDO,"Legate's Blade"
NAME_ID_ITEM_EQUIP_TWOHANDEDSWORD_SUISEKINOTAIKEN,"Jade Greatsword"
NAME_ID_ITEM_EQUIP_TWOHANDEDSWORD_KEIOSUBUREDO,"Berserker's Blade"
NAME_ID_ITEM_EQUIP_KNIFE_BURONZUNAIFU,"Bronze Knife"
NAME_ID_ITEM_EQUIP_KNIFE_SHOSHINSHAYOUNOTANKEN,"Beginners Dagger"
NAME_ID_ITEM_EQUIP_KNIFE_SEINARUNAIFU,"Divine Dagger"
NAME_ID_ITEM_EQUIP_KNIFE_DOKUGANONAIFU,"Poison Moth Knife"
NAME_ID_ITEM_EQUIP_KNIFE_SIBUSUNAIFU,"Deadly Nightblade"
NAME_ID_ITEM_EQUIP_KNIFE_ASASHINDAGA,"Assassin's Dagger"
NAME_ID_ITEM_EQUIP_KNIFE_DOKUBARI,"Poison Needle"
NAME_ID_ITEM_EQUIP_KNIFE_GINNOTANKEN,"Silver Dagger"
NAME_ID_ITEM_EQUIP_KNIFE_IGURUDAGA,"Eagle Dagger"
NAME_ID_ITEM_EQUIP_KNIFE_KOAKUMANONAIFU,"Imp Knife"
NAME_ID_ITEM_EQUIP_KNIFE_KIRAPIASU,"Falcon Knife Earring"
NAME_ID_ITEM_EQUIP_KNIFE_YORUNOPAPIYON,"Dread Dagger"
NAME_ID_ITEM_EQUIP_KNIFE_SODOBUREIKA,"Sword Breaker"
NAME_ID_ITEM_EQUIP_KNIFE_KOORINOYAIBA,"Icicle Dirk"
NAME_ID_ITEM_EQUIP_KNIFE_GURADHIUSU,"Gladius"
NAME_ID_ITEM_EQUIP_KNIFE_BURADDOPIKKU,"Bloodletter Knife"
NAME_ID_ITEM_EQUIP_KNIFE_SARAMANDA,"Flame Tang"
NAME_ID_ITEM_EQUIP_KNIFE_OUKENONAIFU,"Nobleman's Knife"
NAME_ID_ITEM_EQUIP_KNIFE_FARUKONDAGA,"Gryphon's Wing"
NAME_ID_ITEM_EQUIP_KNIFE_KOGARASINODAGA,"Pruning Knife"
NAME_ID_ITEM_EQUIP_KNIFE_SAUZANDODAGA,"Deft Dagger"
NAME_ID_ITEM_EQUIP_KNIFE_SEIOUNONAIFU,"Dryspell Knife"
NAME_ID_ITEM_EQUIP_KNIFE_RAITONINGUDAGA,"Thunderstorm Skean"
NAME_ID_ITEM_EQUIP_KNIFE_KURISUTARUEJJI,"Crystal Edge"
NAME_ID_ITEM_EQUIP_KNIFE_POINZUNSUKEIRU,"Serpentscale Skean"
NAME_ID_ITEM_EQUIP_STICK_RORIENOKOEDA,"Laurel Sprig"
NAME_ID_ITEM_EQUIP_STICK_SHOSHINSHAYOUSUTHIKKU,"Beginners Wand"
NAME_ID_ITEM_EQUIP_STICK_PINSUTHIKKU,"Pocus Pin"
NAME_ID_ITEM_EQUIP_STICK_FURAWASUTHIKKU,"Posey Pole"
NAME_ID_ITEM_EQUIP_STICK_SURAIMUSUTEKKI,"Slime Stick"
NAME_ID_ITEM_EQUIP_STICK_TSUINKURUTAKUTO,"Twinkle Little Staff"
NAME_ID_ITEM_EQUIP_STICK_MOMONSUTHIKKU,"Teeny Sanguini Wand"
NAME_ID_ITEM_EQUIP_STICK_FEZASUTHIKKU,"Winged Wand"
NAME_ID_ITEM_EQUIP_STICK_SURATAWASUTEKKI,"Slime Stack Stick"
NAME_ID_ITEM_EQUIP_STICK_RABURISUTHIKKU,"Fond Wand"
NAME_ID_ITEM_EQUIP_STICK_MAJIKARUSUTHIKKU,"Pixie Stick"
NAME_ID_ITEM_EQUIP_STICK_MATEKINOSUTHIKKU,"Brouhaha Boomstick"
NAME_ID_ITEM_EQUIP_STICK_MAPORENASUTEKKI,"Genie Sanguini Wand"
NAME_ID_ITEM_EQUIP_STICK_DORAGONSUTHIKKU,"Wyvern Wand"
NAME_ID_ITEM_EQUIP_STICK_PERORINSUTEKKI,"Lolly Stick"
NAME_ID_ITEM_EQUIP_STICK_PARASORUSUTHIKKU,"Jolly Brolly"
NAME_ID_ITEM_EQUIP_STICK_TENSHINOTAKUTO,"Seraphic Sceptre"
NAME_ID_ITEM_EQUIP_STICK_YUGUDORASHIRU,"Spryggdrasil"
NAME_ID_ITEM_EQUIP_STICK_AKUMANOTAKUTO,"Devil's Baton"
NAME_ID_ITEM_EQUIP_STICK_GOSHIKKUPARASORU,"Glumbrella"
NAME_ID_ITEM_EQUIP_STICK_TAITANIASUTEKKI,"Butterfly Baton"
NAME_ID_ITEM_EQUIP_STICK_SEIOUNOSUTHIKKU,"Dryspell Wand"
NAME_ID_ITEM_EQUIP_STICK_HIKARINOTAKUTO,"Glow Stick"
NAME_ID_ITEM_EQUIP_STICK_FANTASUTHIKKU,"Fantastick"
NAME_ID_ITEM_EQUIP_STICK_RAKURIMATAKUTO,"Cane of Compassion"
NAME_ID_ITEM_EQUIP_ROD_KASHINOTSUE,"Oak Staff"
NAME_ID_ITEM_EQUIP_ROD_SHOSHINSHAYOUNORYOUTETSUE,"Beginners Staff"
NAME_ID_ITEM_EQUIP_ROD_MADOUSHINOTSUE,"Wizard's Staff"
NAME_ID_ITEM_EQUIP_ROD_SABAKINOTSUE,"Staff of Sentencing"
NAME_ID_ITEM_EQUIP_ROD_AMAGUMONOTSUE,"Staff of Rain"
NAME_ID_ITEM_EQUIP_ROD_MAHUJINOTSUE,"Staff of Antimagic"
NAME_ID_ITEM_EQUIP_ROD_UMINARINOTSUE,"Watermaul Wand"
NAME_ID_ITEM_EQUIP_ROD_YOUSEINOTSUE,"Faerie Staff"
NAME_ID_ITEM_EQUIP_ROD_IKAZUCHINOTSUE,"Lightning Staff"
NAME_ID_ITEM_EQUIP_ROD_PIORANOTSUE,"Rod of Rapidity"
NAME_ID_ITEM_EQUIP_ROD_MAGUMANOTSUE,"Magma Staff"
NAME_ID_ITEM_EQUIP_ROD_RUNSUTAFFU,"Rune Staff"
NAME_ID_ITEM_EQUIP_ROD_SEIREINOTSUE,"Spirit Staff"
NAME_ID_ITEM_EQUIP_ROD_KOORINOTSUE,"Shiverstick"
NAME_ID_ITEM_EQUIP_ROD_MAGANNOTSUE,"Hocus Locus"
NAME_ID_ITEM_EQUIP_ROD_SEIRENNOTSUE,"Siren's Staff"
NAME_ID_ITEM_EQUIP_ROD_FUKUINNOTSUE,"Staff of Salvation"
NAME_ID_ITEM_EQUIP_ROD_AKUWANDO,"Celestial Sceptre"
NAME_ID_ITEM_EQUIP_ROD_KENJYANOTSUE,"Sage's Staff"
NAME_ID_ITEM_EQUIP_ROD_MEGAMINOTSUE,"Sacrosanct Staff"
NAME_ID_ITEM_EQUIP_ROD_DORAGONNOTSUE,"Wyrmwand"
NAME_ID_ITEM_EQUIP_ROD_SEIOUNOTSUE,"Dryspell Staff"
NAME_ID_ITEM_EQUIP_ROD_HIKARINOTSUE,"Bright Staff"
NAME_ID_ITEM_EQUIP_ROD_FUSISHANOMAJYOU,"Staff of the Undead"
NAME_ID_ITEM_EQUIP_ROD_IRISUNOTSUE,"Rod of Paradise"
NAME_ID_ITEM_EQUIP_SPEAR_TAKEYARI,"Bamboo Spear"
NAME_ID_ITEM_EQUIP_SPEAR_SHOSHINSHAYOUNOYARI,"Beginners Spear"
NAME_ID_ITEM_EQUIP_SPEAR_RONGUSUPIA,"Long Spear"
NAME_ID_ITEM_EQUIP_SPEAR_SEIDOUNOYARI,"Bronze Lance"
NAME_ID_ITEM_EQUIP_SPEAR_TETSUNOYARI,"Iron Lance"
NAME_ID_ITEM_EQUIP_SPEAR_KONOEHEINOYARI,"Praetorian Partisan"
NAME_ID_ITEM_EQUIP_SPEAR_HORIRANSU,"Holy Lance"
NAME_ID_ITEM_EQUIP_SPEAR_BATORUFOKU,"Battle Fork"
NAME_ID_ITEM_EQUIP_SPEAR_HAGANENOYARI,"Steel Lance"
NAME_ID_ITEM_EQUIP_SPEAR_INAZUMANOYARI,"Lightning Lance"
NAME_ID_ITEM_EQUIP_SPEAR_PARUCHIZAN,"Partisan"
NAME_ID_ITEM_EQUIP_SPEAR_GURAKOSUNOYARI,"Gracos's Trident"
NAME_ID_ITEM_EQUIP_SPEAR_SAJINNOYARI,"Sandstorm Spear"
NAME_ID_ITEM_EQUIP_SPEAR_PURACHINANOYARI,"Platinum Lance"
NAME_ID_ITEM_EQUIP_SPEAR_DEMONSUPIA,"Demon Spear"
NAME_ID_ITEM_EQUIP_SPEAR_RAIJINNOYARI,"Storm Spear"
NAME_ID_ITEM_EQUIP_SPEAR_EIYUUNOYARI,"Hero Spear"
NAME_ID_ITEM_EQUIP_SPEAR_OSEANOSUSUPIA,"Full Fathom Fork"
NAME_ID_ITEM_EQUIP_SPEAR_METASURANOYARI,"Metal Slime Spear"
NAME_ID_ITEM_EQUIP_SPEAR_SEIKISHINOYARI,"Paladin's Lance"
NAME_ID_ITEM_EQUIP_SPEAR_KISHINNOMASOU,"Poker"
NAME_ID_ITEM_EQUIP_SPEAR_SEIOUNOYARI,"Dryspell Spear"
NAME_ID_ITEM_EQUIP_SPEAR_SERAFIMUNOYARI,"Seraph's Spear"
NAME_ID_ITEM_EQUIP_SPEAR_ATENANOSEISOU,"Sacred Spear"
NAME_ID_ITEM_EQUIP_SPEAR_BURADDOSUPIA,"Barbarous Pole"
NAME_ID_ITEM_EQUIP_AXE_DOUNOONO,"Copper Axe"
NAME_ID_ITEM_EQUIP_AXE_SHOSHINSHAYOUNOONO,"Beginners Axe"
NAME_ID_ITEM_EQUIP_AXE_SEIDOUNOONO,"Bronze Axe"
NAME_ID_ITEM_EQUIP_AXE_SANZOKUNOONO,"Bandit Axe"
NAME_ID_ITEM_EQUIP_AXE_RAITOAKKUSU,"Light Axe"
NAME_ID_ITEM_EQUIP_AXE_TETSUNOONO,"Iron Axe"
NAME_ID_ITEM_EQUIP_AXE_BATORUAKKUSU,"Battle Axe"
NAME_ID_ITEM_EQUIP_AXE_SHIRUBAAKKUSU,"Silver Axe"
NAME_ID_ITEM_EQUIP_AXE_HAGANENOONO,"Steel Axe"
NAME_ID_ITEM_EQUIP_AXE_KARUSADORAAKKUSU,"Calsadora Axe"
NAME_ID_ITEM_EQUIP_AXE_MUNAKKUSU,"Moon Axe"
NAME_ID_ITEM_EQUIP_AXE_TATSUJINNOONO,"Pro's Axe"
NAME_ID_ITEM_EQUIP_AXE_KINGUAKKUSU,"King Axe"
NAME_ID_ITEM_EQUIP_AXE_EKURIPUSUAKKUSU,"Eclipse Axe"
NAME_ID_ITEM_EQUIP_AXE_SHAMANAKKUSU,"Heedoovoodoo Axe"
NAME_ID_ITEM_EQUIP_AXE_FUBUKINOONO,"Ice Axe"
NAME_ID_ITEM_EQUIP_AXE_KAIZAAKKUSU,"Kaiser Axe"
NAME_ID_ITEM_EQUIP_AXE_DESUTOROIYA,"Obliteratoriser"
NAME_ID_ITEM_EQUIP_AXE_HASHANOONO,"Conqueror's Axe"
NAME_ID_ITEM_EQUIP_AXE_GURETOAKKUSU,"Bad Axe"
NAME_ID_ITEM_EQUIP_AXE_FUNSAINOOONATA,"Heavy Hatchet"
NAME_ID_ITEM_EQUIP_AXE_SEIOUNOONO,"Dryspell Axe"
NAME_ID_ITEM_EQUIP_AXE_APORONNOONO,"Apollo's Axe"
NAME_ID_ITEM_EQUIP_AXE_DYUKUAKKUSU,"Aristocrat's Axe"
NAME_ID_ITEM_EQUIP_AXE_VARANGAAKKUSU,"Valanga Axe"
NAME_ID_ITEM_EQUIP_CLUB_MONOHOSHIZAO,"Laundry Pole"
NAME_ID_ITEM_EQUIP_CLUB_SHOSHINSHAYOUNOKON,"Beginners Rod"
NAME_ID_ITEM_EQUIP_CLUB_TENBINBOU,"Carrying Pole"
NAME_ID_ITEM_EQUIP_CLUB_KASHINOKON,"Oaken Pole"
NAME_ID_ITEM_EQUIP_CLUB_ROKKAKUBOU,"Hexapole"
NAME_ID_ITEM_EQUIP_CLUB_GYOUJYANOKON,"Ascetic Rod"
NAME_ID_ITEM_EQUIP_CLUB_SEREMONIRODDO,"Ceremony Rod"
NAME_ID_ITEM_EQUIP_CLUB_ENBUNOKON,"Driller Pillar"
NAME_ID_ITEM_EQUIP_CLUB_MADOROMINOKON,"Sleepy Stick"
NAME_ID_ITEM_EQUIP_CLUB_SUPAIKURODDO,"Barbed Bludgeon"
NAME_ID_ITEM_EQUIP_CLUB_KURASSHURODDO,"Crusher Rod"
NAME_ID_ITEM_EQUIP_CLUB_REINIRODDO,"Mistick"
NAME_ID_ITEM_EQUIP_CLUB_RASETSUNOKON,"Taming Rod"
NAME_ID_ITEM_EQUIP_CLUB_ROUGABOU,"Sadistick"
NAME_ID_ITEM_EQUIP_CLUB_YASHANOKON,"Slaying Rod"
NAME_ID_ITEM_EQUIP_CLUB_DORAGONRODDO,"Dragon Rod"
NAME_ID_ITEM_EQUIP_CLUB_NICHIRINNOKON,"Solar Rod"
NAME_ID_ITEM_EQUIP_CLUB_HAKUJYANOKON,"White Snake Rod"
NAME_ID_ITEM_EQUIP_CLUB_NAGEKINOKON,"Rod of Mourning"
NAME_ID_ITEM_EQUIP_CLUB_SHURANOKON,"Knockout Rod"
NAME_ID_ITEM_EQUIP_CLUB_SHENRONRODDO,"Xenlon Rod"
NAME_ID_ITEM_EQUIP_CLUB_SEIOUNOKON,"Dryspell Rod"
NAME_ID_ITEM_EQUIP_CLUB_ONMYOUDOUNOKON,"Rod of Yin and Yang"
NAME_ID_ITEM_EQUIP_CLUB_APOKARIPUSU,"Pole of Opposites"
NAME_ID_ITEM_EQUIP_CLUB_DEMONRODDO,"Demon Rod"
NAME_ID_ITEM_EQUIP_CLAW_DOUNOTSUME,"Copper Claws"
NAME_ID_ITEM_EQUIP_CLAW_SHOSHINSHAYOUNOTSUME,"Beginners Claws"
NAME_ID_ITEM_EQUIP_CLAW_KYATTOKURO,"Cat's Claws"
NAME_ID_ITEM_EQUIP_CLAW_SEIDOUNOTSUME,"Bronze Claws"
NAME_ID_ITEM_EQUIP_CLAW_TETSUNOTSUME,"Iron Claws"
NAME_ID_ITEM_EQUIP_CLAW_MAYOKENOTSUME,"Sacred Claws"
NAME_ID_ITEM_EQUIP_CLAW_SHIRUBAKURO,"Silver Claws"
NAME_ID_ITEM_EQUIP_CLAW_KOAKUMANEIRU,"Infernails"
NAME_ID_ITEM_EQUIP_CLAW_HAGANENOTSUME,"Steel Claws"
NAME_ID_ITEM_EQUIP_CLAW_KUROHYOUNOTSUME,"Panther Claws"
NAME_ID_ITEM_EQUIP_CLAW_HAYABUSANOTSUME,"Crow's Claws"
NAME_ID_ITEM_EQUIP_CLAW_HONOONOTSUME,"Fire Claws"
NAME_ID_ITEM_EQUIP_CLAW_KOORINOTSUME,"Ice Claws"
NAME_ID_ITEM_EQUIP_CLAW_DORAGONKURO,"Dragon Claws"
NAME_ID_ITEM_EQUIP_CLAW_AKUMANOTSUME,"Cobra Claws"
NAME_ID_ITEM_EQUIP_CLAW_PURACHINAKURO,"Platinum Claws"
NAME_ID_ITEM_EQUIP_CLAW_MAJYUUNOTSUME,"Beast Claws"
NAME_ID_ITEM_EQUIP_CLAW_KOBUDOUNOTSUME,"Crimson Claws"
NAME_ID_ITEM_EQUIP_CLAW_FARUKONKURO,"Gryphon Talon"
NAME_ID_ITEM_EQUIP_CLAW_MEIJYUUNOTSUME,"Monster Slashers"
NAME_ID_ITEM_EQUIP_CLAW_RYUUOUNOTSUME,"Dragonlord Claw"
NAME_ID_ITEM_EQUIP_CLAW_SEIOUNOTSUME,"Dryspell Claw"
NAME_ID_ITEM_EQUIP_CLAW_KURISUTARUKURO,"Crystal Claws"
NAME_ID_ITEM_EQUIP_CLAW_KYAPUTENKURO,"Captain's Hooks"
NAME_ID_ITEM_EQUIP_CLAW_SOUENNOTSUME,"Frostfire Fingers"
NAME_ID_ITEM_EQUIP_WHIP_KAWANOMUCHI,"Leather Whip"
NAME_ID_ITEM_EQUIP_WHIP_SHOSHINSHAYOUNOMUCHI,"Beginners Whip"
NAME_ID_ITEM_EQUIP_WHIP_IBARANOMUCHI,"Thorn Whip"
NAME_ID_ITEM_EQUIP_WHIP_BATORURIBON,"Battle Whip"
NAME_ID_ITEM_EQUIP_WHIP_HEBIGAWANOMUCHI,"Snakeskin Whip"
NAME_ID_ITEM_EQUIP_WHIP_TETSUNOMUCHI,"Iron Whip"
NAME_ID_ITEM_EQUIP_WHIP_ROZUULIPPU,"Rosewhip"
NAME_ID_ITEM_EQUIP_WHIP_MONINGUSUTA,"Morning Star"
NAME_ID_ITEM_EQUIP_WHIP_PAISONULIPPU,"Python Whip"
NAME_ID_ITEM_EQUIP_WHIP_HAGANENOMUCHI,"Spiked Steel Whip"
NAME_ID_ITEM_EQUIP_WHIP_BISUTOULIPPU,"Beastly Bullwhip"
NAME_ID_ITEM_EQUIP_WHIP_SAIDOWAINDA,"Sidewinder"
NAME_ID_ITEM_EQUIP_WHIP_MIWAKUNORIBON,"Hypnowhip"
NAME_ID_ITEM_EQUIP_WHIP_DORAGONTEIRU,"Dragontail Whip"
NAME_ID_ITEM_EQUIP_WHIP_SUKOPIONTEIRU,"Scorpion Tail"
NAME_ID_ITEM_EQUIP_WHIP_BASUTAULIPPU,"Scourge Whip"
NAME_ID_ITEM_EQUIP_WHIP_AKUMANOMUCHI,"Demon's Whip"
NAME_ID_ITEM_EQUIP_WHIP_KARUBEROBYUTO,"Wizardly Whip"
NAME_ID_ITEM_EQUIP_WHIP_JYOUOUNOMUCHI,"Queen's Whip"
NAME_ID_ITEM_EQUIP_WHIP_SAPENTOULIPPU,"Serpent Whip"
NAME_ID_ITEM_EQUIP_WHIP_MAJINNOMUCHI,"Beelzebarb"
NAME_ID_ITEM_EQUIP_WHIP_SEIOUNOMUCHI,"Dryspell Whip"
NAME_ID_ITEM_EQUIP_WHIP_TORAIDENTOTEIRU,"Triple-Tine Whip"
NAME_ID_ITEM_EQUIP_WHIP_VOIDOANKA,"Anchor of Rancour"
NAME_ID_ITEM_EQUIP_WHIP_FURIZUULIPPU,"Malevolash"
NAME_ID_ITEM_EQUIP_FAN_SHIRAGINOOUGI,"Wooden Fan"
NAME_ID_ITEM_EQUIP_FAN_SHOSHINSHAYOUNOOUGI,"Beginners Fan"
NAME_ID_ITEM_EQUIP_FAN_HANEOUGI,"Feather Fan"
NAME_ID_ITEM_EQUIP_FAN_BATORUFAN,"War Fan"
NAME_ID_ITEM_EQUIP_FAN_TETSUNOOUGI,"Iron Fan"
NAME_ID_ITEM_EQUIP_FAN_KAMENOOUGI,"Tortoiseshell Fan"
NAME_ID_ITEM_EQUIP_FAN_TORINOOUGI,"Fowl Fan"
NAME_ID_ITEM_EQUIP_FAN_NANAHOSHINOOUGI,"Seven Star Fan"
NAME_ID_ITEM_EQUIP_FAN_KUJYAKUNOOUGI,"Peacock Fan"
NAME_ID_ITEM_EQUIP_FAN_NEKONOOUGI,"Feline Fan"
NAME_ID_ITEM_EQUIP_FAN_HEBINOOUGI,"Cobra Fan"
NAME_ID_ITEM_EQUIP_FAN_MAJIKKUFAN,"Magic Fan"
NAME_ID_ITEM_EQUIP_FAN_HOSHINOOUGI,"Stellar Fan"
NAME_ID_ITEM_EQUIP_FAN_MASHOUNOOUGI,"Devilish Fan"
NAME_ID_ITEM_EQUIP_FAN_REINBOFAN,"Rainbow Fan"
NAME_ID_ITEM_EQUIP_FAN_TSUKINOOUGI,"Lunar Fan"
NAME_ID_ITEM_EQUIP_FAN_BASHOUSEN,"Frond Fan"
NAME_ID_ITEM_EQUIP_FAN_TAIYOUNOOUGI,"Solar Fan"
NAME_ID_ITEM_EQUIP_FAN_TENKATAIHEI,"Fan of Peace"
NAME_ID_ITEM_EQUIP_FAN_HISSATSUNOOUGI,"Critical Fan"
NAME_ID_ITEM_EQUIP_FAN_FUURINKAZAN,"Attribeauty"
NAME_ID_ITEM_EQUIP_FAN_SEIOUNOOUGI,"Dryspell Fan"
NAME_ID_ITEM_EQUIP_FAN_KAREIDOSUKOPU,"Kaleidoscope"
NAME_ID_ITEM_EQUIP_FAN_HARUJION,"Fleabane"
NAME_ID_ITEM_EQUIP_FAN_SEIRANNOOUGI,"Tempest Fan"
NAME_ID_ITEM_EQUIP_HAMMER_KONBOU,"Oaken Club"
NAME_ID_ITEM_EQUIP_HAMMER_SHOSHINSHAYOUNOHANMA,"Beginners Hammer"
NAME_ID_ITEM_EQUIP_HAMMER_OOKIDUCHI,"Giant Mallet"
NAME_ID_ITEM_EQUIP_HAMMER_SEIDOUNOKANADUCHI,"Bronze Hammer"
NAME_ID_ITEM_EQUIP_HAMMER_OOKANADUCH,"Sledgehammer"
NAME_ID_ITEM_EQUIP_HAMMER_TETSUNOKANABOU,"Iron Club"
NAME_ID_ITEM_EQUIP_HAMMER_ULOHANMA,"War Hammer"
NAME_ID_ITEM_EQUIP_HAMMER_GINNOKANADUCHI,"Silver Hammer"
NAME_ID_ITEM_EQUIP_HAMMER_HAGANENOKANADUCHI,"Steel Hammer"
NAME_ID_ITEM_EQUIP_HAMMER_BATORUSUTANPA,"Battle Stamper"
NAME_ID_ITEM_EQUIP_HAMMER_ONINOKANABOU,"Marauder's Maul"
NAME_ID_ITEM_EQUIP_HAMMER_BONKURASSHA,"Bonecrusher"
NAME_ID_ITEM_EQUIP_HAMMER_MAJIKKUTONKACHI,"Magic Hammer"
NAME_ID_ITEM_EQUIP_HAMMER_BORUKANOHANMA,"Volcano Hammer"
NAME_ID_ITEM_EQUIP_HAMMER_TSUNDORAHANMA,"Tundra Hammer"
NAME_ID_ITEM_EQUIP_HAMMER_PURACHINAHANMA,"Platinum Hammer"
NAME_ID_ITEM_EQUIP_HAMMER_GURETOHANMA,"Great Hammer"
NAME_ID_ITEM_EQUIP_HAMMER_KYOJINNOHANMA,"Giant's Hammer"
NAME_ID_ITEM_EQUIP_HAMMER_MEGATONHANMA,"Megaton Hammer"
NAME_ID_ITEM_EQUIP_HAMMER_GODONHANMA,"Mega Moai Hammer"
NAME_ID_ITEM_EQUIP_HAMMER_MAJINNOKANADUCHI,"Hela's Hammer"
NAME_ID_ITEM_EQUIP_HAMMER_SEIOUNOHANMA,"Dryspell Hammer"
NAME_ID_ITEM_EQUIP_HAMMER_DAICHIKUDAKI,"Groundbreaker"
NAME_ID_ITEM_EQUIP_HAMMER_BARETTOHANMA,"Bullet Hammer"
NAME_ID_ITEM_EQUIP_HAMMER_TENSHINOTETTSUI,"Angel's Hammer"
NAME_ID_ITEM_EQUIP_BOOMERANG_KASHINOBUMERAN,"Birchwood Boomerang"
NAME_ID_ITEM_EQUIP_BOOMERANG_SHOSHINSHAYOUNOBUMERAN,"Beginners Boomerang"
NAME_ID_ITEM_EQUIP_BOOMERANG_YAIBANOBUMERAN,"Edged Boomerang"
NAME_ID_ITEM_EQUIP_BOOMERANG_BURONZUBUMERAN,"Bronze Boomerang"
NAME_ID_ITEM_EQUIP_BOOMERANG_KUROSUBUMERAN,"Crucerang"
NAME_ID_ITEM_EQUIP_BOOMERANG_AIANULINGU,"Flyin' Iron"
NAME_ID_ITEM_EQUIP_BOOMERANG_ULINGUEJJI,"Razor-Wing Boomerang"
NAME_ID_ITEM_EQUIP_BOOMERANG_SHIRUBASAKURU,"Silver Circle"
NAME_ID_ITEM_EQUIP_BOOMERANG_KAZENOBUMERAN,"Gusterang"
NAME_ID_ITEM_EQUIP_BOOMERANG_HAGANENOBUMERAN,"Soarin' Steel"
NAME_ID_ITEM_EQUIP_BOOMERANG_TSUINSUWARO,"Swallowtail"
NAME_ID_ITEM_EQUIP_BOOMERANG_NINJYAKATTA,"Ninja Cutter"
NAME_ID_ITEM_EQUIP_BOOMERANG_MAJIKKUCHAKURAMU,"Magic Circle"
NAME_ID_ITEM_EQUIP_BOOMERANG_HONOONOBUMERAN,"Flametang Boomerang"
NAME_ID_ITEM_EQUIP_BOOMERANG_KOORINOBUMERAN,"Winter's Wing"
NAME_ID_ITEM_EQUIP_BOOMERANG_PURACHINAULINGU,"Platinum Plumes"
NAME_ID_ITEM_EQUIP_BOOMERANG_BURAKKUKONDORU,"Black Buzzard"
NAME_ID_ITEM_EQUIP_BOOMERANG_SAZANKUROSU,"Star Cross"
NAME_ID_ITEM_EQUIP_BOOMERANG_PENTAGURAMU,"Pentarang"
NAME_ID_ITEM_EQUIP_BOOMERANG_METARUULINGU,"Metal Wing Boomerang"
NAME_ID_ITEM_EQUIP_BOOMERANG_METEOEJJI,"Meteorang"
NAME_ID_ITEM_EQUIP_BOOMERANG_SEIOUNOBUMERAN,"Dryspell Boomerang"
NAME_ID_ITEM_EQUIP_BOOMERANG_BURUFARUKON,"Blue Falcon"
NAME_ID_ITEM_EQUIP_BOOMERANG_DAKUSUTA,"Dark Star"
NAME_ID_ITEM_EQUIP_BOOMERANG_TORAICHAKURAMU,"Tri-Chakram"
NAME_ID_ITEM_EQUIP_BOW_AOTAKENOYUMI,"Bamboo Bow"
NAME_ID_ITEM_EQUIP_BOW_SHOSHINSHAYOUNOYUMI,"Beginners Bow"
NAME_ID_ITEM_EQUIP_BOW_WAKAGINOYUMI,"Sapling Bow"
NAME_ID_ITEM_EQUIP_BOW_KOBOKUNOYUMI,"Gnarled Bow"
NAME_ID_ITEM_EQUIP_BOW_SHITANNOYUMI,"Sandalwood Bow"
NAME_ID_ITEM_EQUIP_BOW_RONGUBOU,"Longbow"
NAME_ID_ITEM_EQUIP_BOW_KARIUDONOYUMI,"Potshot Bow"
NAME_ID_ITEM_EQUIP_BOW_KOAKUMANOYUMI,"Imp Bow"
NAME_ID_ITEM_EQUIP_BOW_EROSUNOYUMI,"Eros' Bow"
NAME_ID_ITEM_EQUIP_BOW_KAZEKIRINOYUMI,"Blowy Bow"
NAME_ID_ITEM_EQUIP_BOW_YUUWAKUNOYUMI,"Fuddle Bow"
NAME_ID_ITEM_EQUIP_BOW_GEKKOUNOYUMI,"Moonlight Bow"
NAME_ID_ITEM_EQUIP_BOW_HAKUCHOUNOYUMI,"Swan Bow"
NAME_ID_ITEM_EQUIP_BOW_NAITOSUNAIPA,"Night Sniper"
NAME_ID_ITEM_EQUIP_BOW_SUZAKUNOYUMI,"Vermilion Bird Bow"
NAME_ID_ITEM_EQUIP_BOW_MUGENNOYUMI,"Purblind Bow"
NAME_ID_ITEM_EQUIP_BOW_ARUTEMISUNOYUMI,"Artemis' Bow"
NAME_ID_ITEM_EQUIP_BOW_KEIRONNOYUMI,"Cheiron's Bow"
NAME_ID_ITEM_EQUIP_BOW_JIGOKUNOYUMI,"Oh-No Bow"
NAME_ID_ITEM_EQUIP_BOW_BAJIRISUKUNOYUMI,"Basilisk Bow"
NAME_ID_ITEM_EQUIP_BOW_TENSHINOYUMI,"Angel's Bow"
NAME_ID_ITEM_EQUIP_BOW_SEIOUNOYUMISE,"Dryspell Bow"
NAME_ID_ITEM_EQUIP_BOW_ODHINBOU,"Odin's Bow"
NAME_ID_ITEM_EQUIP_BOW_ORUFEUSUNOYUMI,"Orpheus' Bow"
NAME_ID_ITEM_EQUIP_BOW_ANFISUBAENA,"Amphisbaena"
NAME_ID_ITEM_EQUIP_SHIELD_KAWANOTATE,"Leather Shield"
NAME_ID_ITEM_EQUIP_SHIELD_UROKONOTATE,"Scale Shield"
NAME_ID_ITEM_EQUIP_SHIELD_SEIDOUNOTATE,"Bronze Shield"
NAME_ID_ITEM_EQUIP_SHIELD_RAITOBAKKURA,"Light Shield"
NAME_ID_ITEM_EQUIP_SHIELD_SURAIMUTOREI,"Slime Shield"
NAME_ID_ITEM_EQUIP_SHIELD_SIRUBATOREI,"Silver Platter"
NAME_ID_ITEM_EQUIP_SHIELD_KOZOUBAKKURA,"Leery Buckler"
NAME_ID_ITEM_EQUIP_SHIELD_HOWAITOBAKKURA,"White Shield"
NAME_ID_ITEM_EQUIP_SHIELD_SURAIMUBESUTOREI,"She-Slime Shield"
NAME_ID_ITEM_EQUIP_SHIELD_MAHOUNOTATE,"Magic Shield"
NAME_ID_ITEM_EQUIP_SHIELD_FUUMANOTATE,"Dampening Shield"
NAME_ID_ITEM_EQUIP_SHIELD_KAITOBAKKURA,"Kite Buckler"
NAME_ID_ITEM_EQUIP_SHIELD_PURACHINATOREI,"Platinum Platter"
NAME_ID_ITEM_EQUIP_SHIELD_RUFUNOTATE,"Luf's Shield"
NAME_ID_ITEM_EQUIP_SHIELD_ONIGUMONOTATE,"Spider Shield"
NAME_ID_ITEM_EQUIP_SHIELD_RUNBAKKURA,"Rune Buckler"
NAME_ID_ITEM_EQUIP_SHIELD_MIKAGAMINOTATE,"Silver Shield"
NAME_ID_ITEM_EQUIP_SHIELD_METASURANOTATE,"Metal Slime Shield"
NAME_ID_ITEM_EQUIP_SHIELD_SEIOUNOTATE,"Dryspell Shield"
NAME_ID_ITEM_EQUIP_SHIELD_SEIJYONOTATE,"Saintess Shield"
NAME_ID_ITEM_EQUIP_SHIELD_KASHINOOOTATE,"Oak Greatshield"
NAME_ID_ITEM_EQUIP_SHIELD_TETSUNOOOTATE,"Iron Shield"
NAME_ID_ITEM_EQUIP_SHIELD_HAGANENOOOTATE,"Steel Greatshield"
NAME_ID_ITEM_EQUIP_SHIELD_SENSHINOOOTATE,"Warrior's Greatshield"
NAME_ID_ITEM_EQUIP_SHIELD_PURACHINASHIRUDO,"Platinum Shield"
NAME_ID_ITEM_EQUIP_SHIELD_DORAGONSHIRUDO,"Dragon Shield"
NAME_ID_ITEM_EQUIP_SHIELD_OYABUNNOOOTATE,"Big Boss Shield"
NAME_ID_ITEM_EQUIP_SHIELD_SEIKISHINOOOTATE,"Paladin's Greatshield"
NAME_ID_ITEM_EQUIP_SHIELD_OGASHIRUDO,"Ogre Shield"
NAME_ID_ITEM_EQUIP_SHIELD_JYAGANNOOOTATE,"Evil-Eye Greatshield"
NAME_ID_ITEM_EQUIP_SHIELD_SEIOUNOOOTATE,"Dryspell Greatshield"
NAME_ID_ITEM_EQUIP_SHIELD_URUBEANOOOTATE,"Urbea Greatshield"
NAME_ID_ITEM_EQUIP_SHIELD_ZERESUTAITONOOOTATE,"Celestite Greatshield"
NAME_ID_ITEM_EQUIP_SHIELD_ROTONOTATE,"Erdrick's Shield"
NAME_ID_ITEM_EQUIP_FISHROD_JYOUBUNATSURIZAO,"Strong Fishing Rod"
NAME_ID_ITEM_EQUIP_FISHROD_KIREINATSURIZAO,"Beautiful Fishing Rod"
NAME_ID_ITEM_EQUIP_FISHROD_HONOONOTSURIZAO,"Fire Fishing Rod"
NAME_ID_ITEM_EQUIP_FISHROD_KOORINOTSURIZAO,"Ice Fishing Rod"
NAME_ID_ITEM_EQUIP_FISHROD_YAMINOTSURIZAO,"Dark Fishing Rod"
NAME_ID_ITEM_EQUIP_FISHROD_KISEKINOTSURIZAO,"Miracle Fishing Rod"
NAME_ID_ITEM_EQUIP_LURE_GINNORUA,"Silver Lure"
NAME_ID_ITEM_EQUIP_LURE_PURACHINARUA,"Platinum Lure"
NAME_ID_ITEM_EQUIP_LURE_MADYURAITORUA,"Darkonium Lure"
NAME_ID_ITEM_EQUIP_LURE_TENSHINORUA,"Angel Lure"
NAME_ID_ITEM_EQUIP_LURE_TOGETOGERUA,"Spiky Lure"
NAME_ID_ITEM_EQUIP_LURE_YAIBANORUA,"Pointy Lure"
RUBY_ID_ITEM_EQUIP_ONEHANDEDSWORD_DOUNOTSURUGI,"Copper Sword"
RUBY_ID_ITEM_EQUIP_ONEHANDEDSWORD_ETENENOKEN,"Ethene Sword"
RUBY_ID_ITEM_EQUIP_ONEHANDEDSWORD_SHOSHINSHAYOUNOKATATEKEN,"Beginners Sword"
RUBY_ID_ITEM_EQUIP_ONEHANDEDSWORD_REIPIA,"Rapier"
RUBY_ID_ITEM_EQUIP_ONEHANDEDSWORD_SEIDOUNOTSURUGI,"Bronze Sword"
RUBY_ID_ITEM_EQUIP_ONEHANDEDSWORD_TETSUNOTSURUGI,"Iron Broadsword"
RUBY_ID_ITEM_EQUIP_ONEHANDEDSWORD_SANZOKUNOSABERU,"Bandit Blade"
RUBY_ID_ITEM_EQUIP_ONEHANDEDSWORD_BASUTADOSODO,"Bastard Sword"
RUBY_ID_ITEM_EQUIP_ONEHANDEDSWORD_GINNOREIPIA,"Silver Rapier"
RUBY_ID_ITEM_EQUIP_ONEHANDEDSWORD_HAGANENOTSURUGI,"Steel Broadsword"
RUBY_ID_ITEM_EQUIP_ONEHANDEDSWORD_ULESUTANREIPIA,"Western Rapier"
RUBY_ID_ITEM_EQUIP_ONEHANDEDSWORD_HAJYANOTSURUGI,"Cautery Sword"
RUBY_ID_ITEM_EQUIP_ONEHANDEDSWORD_SENSHINOKEN,"Warrior's Sword"
RUBY_ID_ITEM_EQUIP_ONEHANDEDSWORD_HAYABUSANOKEN,"Falcon Blade"
RUBY_ID_ITEM_EQUIP_ONEHANDEDSWORD_MAKENSHINOREIPIA,"Fizzle Foil"
RUBY_ID_ITEM_EQUIP_ONEHANDEDSWORD_DORAGONKIRA,"Dragonsbane"
RUBY_ID_ITEM_EQUIP_ONEHANDEDSWORD_PURACHINASODO,"Platinum Sword"
RUBY_ID_ITEM_EQUIP_ONEHANDEDSWORD_ZONBIKIRA,"Zombiesbane"
RUBY_ID_ITEM_EQUIP_ONEHANDEDSWORD_HONOONOTSURUGI,"Fire Blade"
RUBY_ID_ITEM_EQUIP_ONEHANDEDSWORD_KISEKINOTSURUGI,"Miracle Sword"
RUBY_ID_ITEM_EQUIP_ONEHANDEDSWORD_METASURANOKEN,"Metal Slime Sword"
RUBY_ID_ITEM_EQUIP_ONEHANDEDSWORD_ONIKISUNOMAKEN,"Onyx Magic Sword"
RUBY_ID_ITEM_EQUIP_ONEHANDEDSWORD_HOSHIKUZUNOTSURUGI,"Stardust Sword"
RUBY_ID_ITEM_EQUIP_ONEHANDEDSWORD_SEIOUNOTSURUGI,"Dryspell Sword"
RUBY_ID_ITEM_EQUIP_ONEHANDEDSWORD_RAITONINGUSODO,"Thunderstorm Sword"
RUBY_ID_ITEM_EQUIP_ONEHANDEDSWORD_MEITOUZANTETSUMARU,"Thousand-Fold Katana"
RUBY_ID_ITEM_EQUIP_ONEHANDEDSWORD_TENMEINOTSURUGI,"Sword of Judgment"
RUBY_ID_ITEM_EQUIP_ONEHANDEDSWORD_ROTONOTSURUGI,"Erdrick's Sword"
RUBY_ID_ITEM_EQUIP_TWOHANDEDSWORD_DOUNOTAIKEN,"Copper Chopper"
RUBY_ID_ITEM_EQUIP_TWOHANDEDSWORD_SHOSHINSHAYOUNORYOUTEKEN,"Beginners Greatsword"
RUBY_ID_ITEM_EQUIP_TWOHANDEDSWORD_BIGGUBUREDO,"Broad Sword"
RUBY_ID_ITEM_EQUIP_TWOHANDEDSWORD_SEIDOUNOTAIKEN,"Bronze Greatsword"
RUBY_ID_ITEM_EQUIP_TWOHANDEDSWORD_TETSUNOTAIKEN,"Cast-Iron Claymore"
RUBY_ID_ITEM_EQUIP_TWOHANDEDSWORD_BIGGUBUREDOTWO,"Broader Sword"
RUBY_ID_ITEM_EQUIP_TWOHANDEDSWORD_SHADOUEJJI,"Black Blade"
RUBY_ID_ITEM_EQUIP_TWOHANDEDSWORD_OOBASAMI,"Sizable Scissors"
RUBY_ID_ITEM_EQUIP_TWOHANDEDSWORD_HAGANENOTAIKEN,"Carbon Steel Claymore"
RUBY_ID_ITEM_EQUIP_TWOHANDEDSWORD_TAIMANOTACHI,"Banishing Blade"
RUBY_ID_ITEM_EQUIP_TWOHANDEDSWORD_BURADDOEJJI,"Bloodletter Sword"
RUBY_ID_ITEM_EQUIP_TWOHANDEDSWORD_KURESENTOEJJI,"Razer-Wing"
RUBY_ID_ITEM_EQUIP_TWOHANDEDSWORD_ZANYANOTACHI,"Nightcleaver"
RUBY_ID_ITEM_EQUIP_TWOHANDEDSWORD_PURACHINABUREDO,"Platinum Powersword"
RUBY_ID_ITEM_EQUIP_TWOHANDEDSWORD_DEMONBASUTA,"Demonsbane"
RUBY_ID_ITEM_EQUIP_TWOHANDEDSWORD_DORAGONBASUTA,"Wyrmfang"
RUBY_ID_ITEM_EQUIP_TWOHANDEDSWORD_KINGUBUREDO,"Lord's Sword"
RUBY_ID_ITEM_EQUIP_TWOHANDEDSWORD_TAIGOKUKEN,"Brimstone Blade"
RUBY_ID_ITEM_EQUIP_TWOHANDEDSWORD_METASURANOTAIKEN,"Metal Gooreatsword"
RUBY_ID_ITEM_EQUIP_TWOHANDEDSWORD_TENMANOTAIKEN,"Skysteed Sword"
RUBY_ID_ITEM_EQUIP_TWOHANDEDSWORD_FOSUBUREDO,"Force Blade"
RUBY_ID_ITEM_EQUIP_TWOHANDEDSWORD_SEIOUNOTAIKEN,"Dryspell Blade"
RUBY_ID_ITEM_EQUIP_TWOHANDEDSWORD_ENPAIABUREDO,"Legate's Blade"
RUBY_ID_ITEM_EQUIP_TWOHANDEDSWORD_SUISEKINOTAIKEN,"Jade Greatsword"
RUBY_ID_ITEM_EQUIP_TWOHANDEDSWORD_KEIOSUBUREDO,"Berserker's Blade"
RUBY_ID_ITEM_EQUIP_KNIFE_BURONZUNAIFU,"Bronze Knife"
RUBY_ID_ITEM_EQUIP_KNIFE_SHOSHINSHAYOUNOTANKEN,"Beginners Dagger"
RUBY_ID_ITEM_EQUIP_KNIFE_SEINARUNAIFU,"Divine Dagger"
RUBY_ID_ITEM_EQUIP_KNIFE_DOKUGANONAIFU,"Poison Moth Knife"
RUBY_ID_ITEM_EQUIP_KNIFE_SIBUSUNAIFU,"Deadly Nightblade"
RUBY_ID_ITEM_EQUIP_KNIFE_ASASHINDAGA,"Assassin's Dagger"
RUBY_ID_ITEM_EQUIP_KNIFE_DOKUBARI,"Poison Needle"
RUBY_ID_ITEM_EQUIP_KNIFE_GINNOTANKEN,"Silver Dagger"
RUBY_ID_ITEM_EQUIP_KNIFE_IGURUDAGA,"Eagle Dagger"
RUBY_ID_ITEM_EQUIP_KNIFE_KOAKUMANONAIFU,"Imp Knife"
RUBY_ID_ITEM_EQUIP_KNIFE_KIRAPIASU,"Falcon Knife Earring"
RUBY_ID_ITEM_EQUIP_KNIFE_YORUNOPAPIYON,"Dread Dagger"
RUBY_ID_ITEM_EQUIP_KNIFE_SODOBUREIKA,"Sword Breaker"
RUBY_ID_ITEM_EQUIP_KNIFE_KOORINOYAIBA,"Icicle Dirk"
RUBY_ID_ITEM_EQUIP_KNIFE_GURADHIUSU,"Gladius"
RUBY_ID_ITEM_EQUIP_KNIFE_BURADDOPIKKU,"Bloodletter Knife"
RUBY_ID_ITEM_EQUIP_KNIFE_SARAMANDA,"Flame Tang"
RUBY_ID_ITEM_EQUIP_KNIFE_OUKENONAIFU,"Nobleman's Knife"
RUBY_ID_ITEM_EQUIP_KNIFE_FARUKONDAGA,"Gryphon's Wing"
RUBY_ID_ITEM_EQUIP_KNIFE_KOGARASINODAGA,"Pruning Knife"
RUBY_ID_ITEM_EQUIP_KNIFE_SAUZANDODAGA,"Deft Dagger"
RUBY_ID_ITEM_EQUIP_KNIFE_SEIOUNONAIFU,"Dryspell Knife"
RUBY_ID_ITEM_EQUIP_KNIFE_RAITONINGUDAGA,"Thunderstorm Skean"
RUBY_ID_ITEM_EQUIP_KNIFE_KURISUTARUEJJI,"Crystal Edge"
RUBY_ID_ITEM_EQUIP_KNIFE_POINZUNSUKEIRU,"Serpentscale Skean"
RUBY_ID_ITEM_EQUIP_STICK_RORIENOKOEDA,"Laurel Sprig"
RUBY_ID_ITEM_EQUIP_STICK_SHOSHINSHAYOUSUTHIKKU,"Beginners Wand"
RUBY_ID_ITEM_EQUIP_STICK_PINSUTHIKKU,"Pocus Pin"
RUBY_ID_ITEM_EQUIP_STICK_FURAWASUTHIKKU,"Posey Pole"
RUBY_ID_ITEM_EQUIP_STICK_SURAIMUSUTEKKI,"Slime Stick"
RUBY_ID_ITEM_EQUIP_STICK_TSUINKURUTAKUTO,"Twinkle Little Staff"
RUBY_ID_ITEM_EQUIP_STICK_MOMONSUTHIKKU,"Teeny Sanguini Wand"
RUBY_ID_ITEM_EQUIP_STICK_FEZASUTHIKKU,"Winged Wand"
RUBY_ID_ITEM_EQUIP_STICK_SURATAWASUTEKKI,"Slime Stack Stick"
RUBY_ID_ITEM_EQUIP_STICK_RABURISUTHIKKU,"Fond Wand"
RUBY_ID_ITEM_EQUIP_STICK_MAJIKARUSUTHIKKU,"Pixie Stick"
RUBY_ID_ITEM_EQUIP_STICK_MATEKINOSUTHIKKU,"Brouhaha Boomstick"
RUBY_ID_ITEM_EQUIP_STICK_MAPORENASUTEKKI,"Genie Sanguini Wand"
RUBY_ID_ITEM_EQUIP_STICK_DORAGONSUTHIKKU,"Wyvern Wand"
RUBY_ID_ITEM_EQUIP_STICK_PERORINSUTEKKI,"Lolly Stick"
RUBY_ID_ITEM_EQUIP_STICK_PARASORUSUTHIKKU,"Jolly Brolly"
RUBY_ID_ITEM_EQUIP_STICK_TENSHINOTAKUTO,"Seraphic Sceptre"
RUBY_ID_ITEM_EQUIP_STICK_YUGUDORASHIRU,"Spryggdrasil"
RUBY_ID_ITEM_EQUIP_STICK_AKUMANOTAKUTO,"Devil's Baton"
RUBY_ID_ITEM_EQUIP_STICK_GOSHIKKUPARASORU,"Glumbrella"
RUBY_ID_ITEM_EQUIP_STICK_TAITANIASUTEKKI,"Butterfly Baton"
RUBY_ID_ITEM_EQUIP_STICK_SEIOUNOSUTHIKKU,"Dryspell Wand"
RUBY_ID_ITEM_EQUIP_STICK_HIKARINOTAKUTO,"Glow Stick"
RUBY_ID_ITEM_EQUIP_STICK_FANTASUTHIKKU,"Fantastick"
RUBY_ID_ITEM_EQUIP_STICK_RAKURIMATAKUTO,"Cane of Compassion"
RUBY_ID_ITEM_EQUIP_ROD_KASHINOTSUE,"Oak Staff"
RUBY_ID_ITEM_EQUIP_ROD_SHOSHINSHAYOUNORYOUTETSUE,"Beginners Staff"
RUBY_ID_ITEM_EQUIP_ROD_MADOUSHINOTSUE,"Wizard's Staff"
RUBY_ID_ITEM_EQUIP_ROD_SABAKINOTSUE,"Staff of Sentencing"
RUBY_ID_ITEM_EQUIP_ROD_AMAGUMONOTSUE,"Staff of Rain"
RUBY_ID_ITEM_EQUIP_ROD_MAHUJINOTSUE,"Staff of Antimagic"
RUBY_ID_ITEM_EQUIP_ROD_UMINARINOTSUE,"Watermaul Wand"
RUBY_ID_ITEM_EQUIP_ROD_YOUSEINOTSUE,"Faerie Staff"
RUBY_ID_ITEM_EQUIP_ROD_IKAZUCHINOTSUE,"Lightning Staff"
RUBY_ID_ITEM_EQUIP_ROD_PIORANOTSUE,"Rod of Rapidity"
RUBY_ID_ITEM_EQUIP_ROD_MAGUMANOTSUE,"Magma Staff"
RUBY_ID_ITEM_EQUIP_ROD_RUNSUTAFFU,"Rune Staff"
RUBY_ID_ITEM_EQUIP_ROD_SEIREINOTSUE,"Spirit Staff"
RUBY_ID_ITEM_EQUIP_ROD_KOORINOTSUE,"Shiverstick"
RUBY_ID_ITEM_EQUIP_ROD_MAGANNOTSUE,"Hocus Locus"
RUBY_ID_ITEM_EQUIP_ROD_SEIRENNOTSUE,"Siren's Staff"
RUBY_ID_ITEM_EQUIP_ROD_FUKUINNOTSUE,"Staff of Salvation"
RUBY_ID_ITEM_EQUIP_ROD_AKUWANDO,"Celestial Sceptre"
RUBY_ID_ITEM_EQUIP_ROD_KENJYANOTSUE,"Sage's Staff"
RUBY_ID_ITEM_EQUIP_ROD_MEGAMINOTSUE,"Sacrosanct Staff"
RUBY_ID_ITEM_EQUIP_ROD_DORAGONNOTSUE,"Wyrmwand"
RUBY_ID_ITEM_EQUIP_ROD_SEIOUNOTSUE,"Dryspell Staff"
RUBY_ID_ITEM_EQUIP_ROD_HIKARINOTSUE,"Bright Staff"
RUBY_ID_ITEM_EQUIP_ROD_FUSISHANOMAJYOU,"Staff of the Undead"
RUBY_ID_ITEM_EQUIP_ROD_IRISUNOTSUE,"Rod of Paradise"
RUBY_ID_ITEM_EQUIP_SPEAR_TAKEYARI,"Bamboo Spear"
RUBY_ID_ITEM_EQUIP_SPEAR_SHOSHINSHAYOUNOYARI,"Beginners Spear"
RUBY_ID_ITEM_EQUIP_SPEAR_RONGUSUPIA,"Long Spear"
RUBY_ID_ITEM_EQUIP_SPEAR_SEIDOUNOYARI,"Bronze Lance"
RUBY_ID_ITEM_EQUIP_SPEAR_TETSUNOYARI,"Iron Lance"
RUBY_ID_ITEM_EQUIP_SPEAR_KONOEHEINOYARI,"Praetorian Partisan"
RUBY_ID_ITEM_EQUIP_SPEAR_HORIRANSU,"Holy Lance"
RUBY_ID_ITEM_EQUIP_SPEAR_BATORUFOKU,"Battle Fork"
RUBY_ID_ITEM_EQUIP_SPEAR_HAGANENOYARI,"Steel Lance"
RUBY_ID_ITEM_EQUIP_SPEAR_INAZUMANOYARI,"Lightning Lance"
RUBY_ID_ITEM_EQUIP_SPEAR_PARUCHIZAN,"Partisan"
RUBY_ID_ITEM_EQUIP_SPEAR_GURAKOSUNOYARI,"Gracos's Trident"
RUBY_ID_ITEM_EQUIP_SPEAR_SAJINNOYARI,"Sandstorm Spear"
RUBY_ID_ITEM_EQUIP_SPEAR_PURACHINANOYARI,"Platinum Lance"
RUBY_ID_ITEM_EQUIP_SPEAR_DEMONSUPIA,"Demon Spear"
RUBY_ID_ITEM_EQUIP_SPEAR_RAIJINNOYARI,"Storm Spear"
RUBY_ID_ITEM_EQUIP_SPEAR_EIYUUNOYARI,"Hero Spear"
RUBY_ID_ITEM_EQUIP_SPEAR_OSEANOSUSUPIA,"Full Fathom Fork"
RUBY_ID_ITEM_EQUIP_SPEAR_METASURANOYARI,"Metal Slime Spear"
RUBY_ID_ITEM_EQUIP_SPEAR_SEIKISHINOYARI,"Paladin's Lance"
RUBY_ID_ITEM_EQUIP_SPEAR_KISHINNOMASOU,"Poker"
RUBY_ID_ITEM_EQUIP_SPEAR_SEIOUNOYARI,"Dryspell Spear"
RUBY_ID_ITEM_EQUIP_SPEAR_SERAFIMUNOYARI,"Seraph's Spear"
RUBY_ID_ITEM_EQUIP_SPEAR_ATENANOSEISOU,"Sacred Spear"
RUBY_ID_ITEM_EQUIP_SPEAR_BURADDOSUPIA,"Barbarous Pole"
RUBY_ID_ITEM_EQUIP_AXE_DOUNOONO,"Copper Axe"
RUBY_ID_ITEM_EQUIP_AXE_SHOSHINSHAYOUNOONO,"Beginners Axe"
RUBY_ID_ITEM_EQUIP_AXE_SEIDOUNOONO,"Bronze Axe"
RUBY_ID_ITEM_EQUIP_AXE_SANZOKUNOONO,"Bandit Axe"
RUBY_ID_ITEM_EQUIP_AXE_RAITOAKKUSU,"Light Axe"
RUBY_ID_ITEM_EQUIP_AXE_TETSUNOONO,"Iron Axe"
RUBY_ID_ITEM_EQUIP_AXE_BATORUAKKUSU,"Battle Axe"
RUBY_ID_ITEM_EQUIP_AXE_SHIRUBAAKKUSU,"Silver Axe"
RUBY_ID_ITEM_EQUIP_AXE_HAGANENOONO,"Steel Axe"
RUBY_ID_ITEM_EQUIP_AXE_KARUSADORAAKKUSU,"Calsadora Axe"
RUBY_ID_ITEM_EQUIP_AXE_MUNAKKUSU,"Moon Axe"
RUBY_ID_ITEM_EQUIP_AXE_TATSUJINNOONO,"Pro's Axe"
RUBY_ID_ITEM_EQUIP_AXE_KINGUAKKUSU,"King Axe"
RUBY_ID_ITEM_EQUIP_AXE_EKURIPUSUAKKUSU,"Eclipse Axe"
RUBY_ID_ITEM_EQUIP_AXE_SHAMANAKKUSU,"Heedoovoodoo Axe"
RUBY_ID_ITEM_EQUIP_AXE_FUBUKINOONO,"Ice Axe"
RUBY_ID_ITEM_EQUIP_AXE_KAIZAAKKUSU,"Kaiser Axe"
RUBY_ID_ITEM_EQUIP_AXE_DESUTOROIYA,"Obliteratoriser"
RUBY_ID_ITEM_EQUIP_AXE_HASHANOONO,"Conqueror's Axe"
RUBY_ID_ITEM_EQUIP_AXE_GURETOAKKUSU,"Bad Axe"
RUBY_ID_ITEM_EQUIP_AXE_FUNSAINOOONATA,"Heavy Hatchet"
RUBY_ID_ITEM_EQUIP_AXE_SEIOUNOONO,"Dryspell Axe"
RUBY_ID_ITEM_EQUIP_AXE_APORONNOONO,"Apollo's Axe"
RUBY_ID_ITEM_EQUIP_AXE_DYUKUAKKUSU,"Aristocrat's Axe"
RUBY_ID_ITEM_EQUIP_AXE_VARANGAAKKUSU,"Valanga Axe"
RUBY_ID_ITEM_EQUIP_CLUB_MONOHOSHIZAO,"Laundry Pole"
RUBY_ID_ITEM_EQUIP_CLUB_SHOSHINSHAYOUNOKON,"Beginners Rod"
RUBY_ID_ITEM_EQUIP_CLUB_TENBINBOU,"Carrying Pole"
RUBY_ID_ITEM_EQUIP_CLUB_KASHINOKON,"Oaken Pole"
RUBY_ID_ITEM_EQUIP_CLUB_ROKKAKUBOU,"Hexapole"
RUBY_ID_ITEM_EQUIP_CLUB_GYOUJYANOKON,"Ascetic Rod"
RUBY_ID_ITEM_EQUIP_CLUB_SEREMONIRODDO,"Ceremony Rod"
RUBY_ID_ITEM_EQUIP_CLUB_ENBUNOKON,"Driller Pillar"
RUBY_ID_ITEM_EQUIP_CLUB_MADOROMINOKON,"Sleepy Stick"
RUBY_ID_ITEM_EQUIP_CLUB_SUPAIKURODDO,"Barbed Bludgeon"
RUBY_ID_ITEM_EQUIP_CLUB_KURASSHURODDO,"Crusher Rod"
RUBY_ID_ITEM_EQUIP_CLUB_REINIRODDO,"Mistick"
RUBY_ID_ITEM_EQUIP_CLUB_RASETSUNOKON,"Taming Rod"
RUBY_ID_ITEM_EQUIP_CLUB_ROUGABOU,"Sadistick"
RUBY_ID_ITEM_EQUIP_CLUB_YASHANOKON,"Slaying Rod"
RUBY_ID_ITEM_EQUIP_CLUB_DORAGONRODDO,"Dragon Rod"
RUBY_ID_ITEM_EQUIP_CLUB_NICHIRINNOKON,"Solar Rod"
RUBY_ID_ITEM_EQUIP_CLUB_HAKUJYANOKON,"White Snake Rod"
RUBY_ID_ITEM_EQUIP_CLUB_NAGEKINOKON,"Rod of Mourning"
RUBY_ID_ITEM_EQUIP_CLUB_SHURANOKON,"Knockout Rod"
RUBY_ID_ITEM_EQUIP_CLUB_SHENRONRODDO,"Xenlon Rod"
RUBY_ID_ITEM_EQUIP_CLUB_SEIOUNOKON,"Dryspell Rod"
RUBY_ID_ITEM_EQUIP_CLUB_ONMYOUDOUNOKON,"Rod of Yin and Yang"
RUBY_ID_ITEM_EQUIP_CLUB_APOKARIPUSU,"Pole of Opposites"
RUBY_ID_ITEM_EQUIP_CLUB_DEMONRODDO,"Demon Rod"
RUBY_ID_ITEM_EQUIP_CLAW_DOUNOTSUME,"Copper Claws"
RUBY_ID_ITEM_EQUIP_CLAW_SHOSHINSHAYOUNOTSUME,"Beginners Claws"
RUBY_ID_ITEM_EQUIP_CLAW_KYATTOKURO,"Cat's Claws"
RUBY_ID_ITEM_EQUIP_CLAW_SEIDOUNOTSUME,"Bronze Claws"
RUBY_ID_ITEM_EQUIP_CLAW_TETSUNOTSUME,"Iron Claws"
RUBY_ID_ITEM_EQUIP_CLAW_MAYOKENOTSUME,"Sacred Claws"
RUBY_ID_ITEM_EQUIP_CLAW_SHIRUBAKURO,"Silver Claws"
RUBY_ID_ITEM_EQUIP_CLAW_KOAKUMANEIRU,"Infernails"
RUBY_ID_ITEM_EQUIP_CLAW_HAGANENOTSUME,"Steel Claws"
RUBY_ID_ITEM_EQUIP_CLAW_KUROHYOUNOTSUME,"Panther Claws"
RUBY_ID_ITEM_EQUIP_CLAW_HAYABUSANOTSUME,"Crow's Claws"
RUBY_ID_ITEM_EQUIP_CLAW_HONOONOTSUME,"Fire Claws"
RUBY_ID_ITEM_EQUIP_CLAW_KOORINOTSUME,"Ice Claws"
RUBY_ID_ITEM_EQUIP_CLAW_DORAGONKURO,"Dragon Claws"
RUBY_ID_ITEM_EQUIP_CLAW_AKUMANOTSUME,"Cobra Claws"
RUBY_ID_ITEM_EQUIP_CLAW_PURACHINAKURO,"Platinum Claws"
RUBY_ID_ITEM_EQUIP_CLAW_MAJYUUNOTSUME,"Beast Claws"
RUBY_ID_ITEM_EQUIP_CLAW_KOBUDOUNOTSUME,"Crimson Claws"
RUBY_ID_ITEM_EQUIP_CLAW_FARUKONKURO,"Gryphon Talon"
RUBY_ID_ITEM_EQUIP_CLAW_MEIJYUUNOTSUME,"Monster Slashers"
RUBY_ID_ITEM_EQUIP_CLAW_RYUUOUNOTSUME,"Dragonlord Claw"
RUBY_ID_ITEM_EQUIP_CLAW_SEIOUNOTSUME,"Dryspell Claw"
RUBY_ID_ITEM_EQUIP_CLAW_KURISUTARUKURO,"Crystal Claws"
RUBY_ID_ITEM_EQUIP_CLAW_KYAPUTENKURO,"Captain's Hooks"
RUBY_ID_ITEM_EQUIP_CLAW_SOUENNOTSUME,"Frostfire Fingers"
RUBY_ID_ITEM_EQUIP_WHIP_KAWANOMUCHI,"Leather Whip"
RUBY_ID_ITEM_EQUIP_WHIP_SHOSHINSHAYOUNOMUCHI,"Beginners Whip"
RUBY_ID_ITEM_EQUIP_WHIP_IBARANOMUCHI,"Thorn Whip"
RUBY_ID_ITEM_EQUIP_WHIP_BATORURIBON,"Battle Whip"
RUBY_ID_ITEM_EQUIP_WHIP_HEBIGAWANOMUCHI,"Snakeskin Whip"
RUBY_ID_ITEM_EQUIP_WHIP_TETSUNOMUCHI,"Iron Whip"
RUBY_ID_ITEM_EQUIP_WHIP_ROZUULIPPU,"Rosewhip"
RUBY_ID_ITEM_EQUIP_WHIP_MONINGUSUTA,"Morning Star"
RUBY_ID_ITEM_EQUIP_WHIP_PAISONULIPPU,"Python Whip"
RUBY_ID_ITEM_EQUIP_WHIP_HAGANENOMUCHI,"Spiked Steel Whip"
RUBY_ID_ITEM_EQUIP_WHIP_BISUTOULIPPU,"Beastly Bullwhip"
RUBY_ID_ITEM_EQUIP_WHIP_SAIDOWAINDA,"Sidewinder"
RUBY_ID_ITEM_EQUIP_WHIP_MIWAKUNORIBON,"Hypnowhip"
RUBY_ID_ITEM_EQUIP_WHIP_DORAGONTEIRU,"Dragontail Whip"
RUBY_ID_ITEM_EQUIP_WHIP_SUKOPIONTEIRU,"Scorpion Tail"
RUBY_ID_ITEM_EQUIP_WHIP_BASUTAULIPPU,"Scourge Whip"
RUBY_ID_ITEM_EQUIP_WHIP_AKUMANOMUCHI,"Demon's Whip"
RUBY_ID_ITEM_EQUIP_WHIP_KARUBEROBYUTO,"Wizardly Whip"
RUBY_ID_ITEM_EQUIP_WHIP_JYOUOUNOMUCHI,"Queen's Whip"
RUBY_ID_ITEM_EQUIP_WHIP_SAPENTOULIPPU,"Serpent Whip"
RUBY_ID_ITEM_EQUIP_WHIP_MAJINNOMUCHI,"Beelzebarb"
RUBY_ID_ITEM_EQUIP_WHIP_SEIOUNOMUCHI,"Dryspell Whip"
RUBY_ID_ITEM_EQUIP_WHIP_TORAIDENTOTEIRU,"Triple-Tine Whip"
RUBY_ID_ITEM_EQUIP_WHIP_VOIDOANKA,"Anchor of Rancour"
RUBY_ID_ITEM_EQUIP_WHIP_FURIZUULIPPU,"Malevolash"
RUBY_ID_ITEM_EQUIP_FAN_SHIRAGINOOUGI,"Wooden Fan"
RUBY_ID_ITEM_EQUIP_FAN_SHOSHINSHAYOUNOOUGI,"Beginners Fan"
RUBY_ID_ITEM_EQUIP_FAN_HANEOUGI,"Feather Fan"
RUBY_ID_ITEM_EQUIP_FAN_BATORUFAN,"War Fan"
RUBY_ID_ITEM_EQUIP_FAN_TETSUNOOUGI,"Iron Fan"
RUBY_ID_ITEM_EQUIP_FAN_KAMENOOUGI,"Tortoiseshell Fan"
RUBY_ID_ITEM_EQUIP_FAN_TORINOOUGI,"Fowl Fan"
RUBY_ID_ITEM_EQUIP_FAN_NANAHOSHINOOUGI,"Seven Star Fan"
RUBY_ID_ITEM_EQUIP_FAN_KUJYAKUNOOUGI,"Peacock Fan"
RUBY_ID_ITEM_EQUIP_FAN_NEKONOOUGI,"Feline Fan"
RUBY_ID_ITEM_EQUIP_FAN_HEBINOOUGI,"Cobra Fan"
RUBY_ID_ITEM_EQUIP_FAN_MAJIKKUFAN,"Magic Fan"
RUBY_ID_ITEM_EQUIP_FAN_HOSHINOOUGI,"Stellar Fan"
RUBY_ID_ITEM_EQUIP_FAN_MASHOUNOOUGI,"Devilish Fan"
RUBY_ID_ITEM_EQUIP_FAN_REINBOFAN,"Rainbow Fan"
RUBY_ID_ITEM_EQUIP_FAN_TSUKINOOUGI,"Lunar Fan"
RUBY_ID_ITEM_EQUIP_FAN_BASHOUSEN,"Frond Fan"
RUBY_ID_ITEM_EQUIP_FAN_TAIYOUNOOUGI,"Solar Fan"
RUBY_ID_ITEM_EQUIP_FAN_TENKATAIHEI,"Fan of Peace"
RUBY_ID_ITEM_EQUIP_FAN_HISSATSUNOOUGI,"Critical Fan"
RUBY_ID_ITEM_EQUIP_FAN_FUURINKAZAN,"Attribeauty"
RUBY_ID_ITEM_EQUIP_FAN_SEIOUNOOUGI,"Dryspell Fan"
RUBY_ID_ITEM_EQUIP_FAN_KAREIDOSUKOPU,"Kaleidoscope"
RUBY_ID_ITEM_EQUIP_FAN_HARUJION,"Fleabane"
RUBY_ID_ITEM_EQUIP_FAN_SEIRANNOOUGI,"Tempest Fan"
RUBY_ID_ITEM_EQUIP_HAMMER_KONBOU,"Oaken Club"
RUBY_ID_ITEM_EQUIP_HAMMER_SHOSHINSHAYOUNOHANMA,"Beginners Hammer"
RUBY_ID_ITEM_EQUIP_HAMMER_OOKIDUCHI,"Giant Mallet"
RUBY_ID_ITEM_EQUIP_HAMMER_SEIDOUNOKANADUCHI,"Bronze Hammer"
RUBY_ID_ITEM_EQUIP_HAMMER_OOKANADUCH,"Sledgehammer"
RUBY_ID_ITEM_EQUIP_HAMMER_TETSUNOKANABOU,"Iron Club"
RUBY_ID_ITEM_EQUIP_HAMMER_ULOHANMA,"War Hammer"
RUBY_ID_ITEM_EQUIP_HAMMER_GINNOKANADUCHI,"Silver Hammer"
RUBY_ID_ITEM_EQUIP_HAMMER_HAGANENOKANADUCHI,"Steel Hammer"
RUBY_ID_ITEM_EQUIP_HAMMER_BATORUSUTANPA,"Battle Stamper"
RUBY_ID_ITEM_EQUIP_HAMMER_ONINOKANABOU,"Marauder's Maul"
RUBY_ID_ITEM_EQUIP_HAMMER_BONKURASSHA,"Bonecrusher"
RUBY_ID_ITEM_EQUIP_HAMMER_MAJIKKUTONKACHI,"Magic Hammer"
RUBY_ID_ITEM_EQUIP_HAMMER_BORUKANOHANMA,"Volcano Hammer"
RUBY_ID_ITEM_EQUIP_HAMMER_TSUNDORAHANMA,"Tundra Hammer"
RUBY_ID_ITEM_EQUIP_HAMMER_PURACHINAHANMA,"Platinum Hammer"
RUBY_ID_ITEM_EQUIP_HAMMER_GURETOHANMA,"Great Hammer"
RUBY_ID_ITEM_EQUIP_HAMMER_KYOJINNOHANMA,"Giant's Hammer"
RUBY_ID_ITEM_EQUIP_HAMMER_MEGATONHANMA,"Megaton Hammer"
RUBY_ID_ITEM_EQUIP_HAMMER_GODONHANMA,"Mega Moai Hammer"
RUBY_ID_ITEM_EQUIP_HAMMER_MAJINNOKANADUCHI,"Hela's Hammer"
RUBY_ID_ITEM_EQUIP_HAMMER_SEIOUNOHANMA,"Dryspell Hammer"
RUBY_ID_ITEM_EQUIP_HAMMER_DAICHIKUDAKI,"Groundbreaker"
RUBY_ID_ITEM_EQUIP_HAMMER_BARETTOHANMA,"Bullet Hammer"
RUBY_ID_ITEM_EQUIP_HAMMER_TENSHINOTETTSUI,"Angel's Hammer"
RUBY_ID_ITEM_EQUIP_BOOMERANG_KASHINOBUMERAN,"Birchwood Boomerang"
RUBY_ID_ITEM_EQUIP_BOOMERANG_SHOSHINSHAYOUNOBUMERAN,"Beginners Boomerang"
RUBY_ID_ITEM_EQUIP_BOOMERANG_YAIBANOBUMERAN,"Edged Boomerang"
RUBY_ID_ITEM_EQUIP_BOOMERANG_BURONZUBUMERAN,"Bronze Boomerang"
RUBY_ID_ITEM_EQUIP_BOOMERANG_KUROSUBUMERAN,"Crucerang"
RUBY_ID_ITEM_EQUIP_BOOMERANG_AIANULINGU,"Flyin' Iron"
RUBY_ID_ITEM_EQUIP_BOOMERANG_ULINGUEJJI,"Razor-Wing Boomerang"
RUBY_ID_ITEM_EQUIP_BOOMERANG_SHIRUBASAKURU,"Silver Circle"
RUBY_ID_ITEM_EQUIP_BOOMERANG_KAZENOBUMERAN,"Gusterang"
RUBY_ID_ITEM_EQUIP_BOOMERANG_HAGANENOBUMERAN,"Soarin' Steel"
RUBY_ID_ITEM_EQUIP_BOOMERANG_TSUINSUWARO,"Swallowtail"
RUBY_ID_ITEM_EQUIP_BOOMERANG_NINJYAKATTA,"Ninja Cutter"
RUBY_ID_ITEM_EQUIP_BOOMERANG_MAJIKKUCHAKURAMU,"Magic Circle"
RUBY_ID_ITEM_EQUIP_BOOMERANG_HONOONOBUMERAN,"Flametang Boomerang"
RUBY_ID_ITEM_EQUIP_BOOMERANG_KOORINOBUMERAN,"Winter's Wing"
RUBY_ID_ITEM_EQUIP_BOOMERANG_PURACHINAULINGU,"Platinum Plumes"
RUBY_ID_ITEM_EQUIP_BOOMERANG_BURAKKUKONDORU,"Black Buzzard"
RUBY_ID_ITEM_EQUIP_BOOMERANG_SAZANKUROSU,"Star Cross"
RUBY_ID_ITEM_EQUIP_BOOMERANG_PENTAGURAMU,"Pentarang"
RUBY_ID_ITEM_EQUIP_BOOMERANG_METARUULINGU,"Metal Wing Boomerang"
RUBY_ID_ITEM_EQUIP_BOOMERANG_METEOEJJI,"Meteorang"
RUBY_ID_ITEM_EQUIP_BOOMERANG_SEIOUNOBUMERAN,"Dryspell Boomerang"
RUBY_ID_ITEM_EQUIP_BOOMERANG_BURUFARUKON,"Blue Falcon"
RUBY_ID_ITEM_EQUIP_BOOMERANG_DAKUSUTA,"Dark Star"
RUBY_ID_ITEM_EQUIP_BOOMERANG_TORAICHAKURAMU,"Tri-Chakram"
RUBY_ID_ITEM_EQUIP_BOW_AOTAKENOYUMI,"Bamboo Bow"
RUBY_ID_ITEM_EQUIP_BOW_SHOSHINSHAYOUNOYUMI,"Beginners Bow"
RUBY_ID_ITEM_EQUIP_BOW_WAKAGINOYUMI,"Sapling Bow"
RUBY_ID_ITEM_EQUIP_BOW_KOBOKUNOYUMI,"Gnarled Bow"
RUBY_ID_ITEM_EQUIP_BOW_SHITANNOYUMI,"Sandalwood Bow"
RUBY_ID_ITEM_EQUIP_BOW_RONGUBOU,"Longbow"
RUBY_ID_ITEM_EQUIP_BOW_KARIUDONOYUMI,"Potshot Bow"
RUBY_ID_ITEM_EQUIP_BOW_KOAKUMANOYUMI,"Imp Bow"
RUBY_ID_ITEM_EQUIP_BOW_EROSUNOYUMI,"Eros' Bow"
RUBY_ID_ITEM_EQUIP_BOW_KAZEKIRINOYUMI,"Blowy Bow"
RUBY_ID_ITEM_EQUIP_BOW_YUUWAKUNOYUMI,"Fuddle Bow"
RUBY_ID_ITEM_EQUIP_BOW_GEKKOUNOYUMI,"Moonlight Bow"
RUBY_ID_ITEM_EQUIP_BOW_HAKUCHOUNOYUMI,"Swan Bow"
RUBY_ID_ITEM_EQUIP_BOW_NAITOSUNAIPA,"Night Sniper"
RUBY_ID_ITEM_EQUIP_BOW_SUZAKUNOYUMI,"Vermilion Bird Bow"
RUBY_ID_ITEM_EQUIP_BOW_MUGENNOYUMI,"Purblind Bow"
RUBY_ID_ITEM_EQUIP_BOW_ARUTEMISUNOYUMI,"Artemis' Bow"
RUBY_ID_ITEM_EQUIP_BOW_KEIRONNOYUMI,"Cheiron's Bow"
RUBY_ID_ITEM_EQUIP_BOW_JIGOKUNOYUMI,"Oh-No Bow"
RUBY_ID_ITEM_EQUIP_BOW_BAJIRISUKUNOYUMI,"Basilisk Bow"
RUBY_ID_ITEM_EQUIP_BOW_TENSHINOYUMI,"Angel's Bow"
RUBY_ID_ITEM_EQUIP_BOW_SEIOUNOYUMISE,"Dryspell Bow"
RUBY_ID_ITEM_EQUIP_BOW_ODHINBOU,"Odin's Bow"
RUBY_ID_ITEM_EQUIP_BOW_ORUFEUSUNOYUMI,"Orpheus' Bow"
RUBY_ID_ITEM_EQUIP_BOW_ANFISUBAENA,"Amphisbaena"
RUBY_ID_ITEM_EQUIP_SHIELD_KAWANOTATE,"Leather Shield"
RUBY_ID_ITEM_EQUIP_SHIELD_UROKONOTATE,"Scale Shield"
RUBY_ID_ITEM_EQUIP_SHIELD_SEIDOUNOTATE,"Bronze Shield"
RUBY_ID_ITEM_EQUIP_SHIELD_RAITOBAKKURA,"Light Shield"
RUBY_ID_ITEM_EQUIP_SHIELD_SURAIMUTOREI,"Slime Shield"
RUBY_ID_ITEM_EQUIP_SHIELD_SIRUBATOREI,"Silver Platter"
RUBY_ID_ITEM_EQUIP_SHIELD_KOZOUBAKKURA,"Leery Buckler"
RUBY_ID_ITEM_EQUIP_SHIELD_HOWAITOBAKKURA,"White Shield"
RUBY_ID_ITEM_EQUIP_SHIELD_SURAIMUBESUTOREI,"She-Slime Shield"
RUBY_ID_ITEM_EQUIP_SHIELD_MAHOUNOTATE,"Magic Shield"
RUBY_ID_ITEM_EQUIP_SHIELD_FUUMANOTATE,"Dampening Shield"
RUBY_ID_ITEM_EQUIP_SHIELD_KAITOBAKKURA,"Kite Buckler"
RUBY_ID_ITEM_EQUIP_SHIELD_PURACHINATOREI,"Platinum Platter"
RUBY_ID_ITEM_EQUIP_SHIELD_RUFUNOTATE,"Luf's Shield"
RUBY_ID_ITEM_EQUIP_SHIELD_ONIGUMONOTATE,"Spider Shield"
RUBY_ID_ITEM_EQUIP_SHIELD_RUNBAKKURA,"Rune Buckler"
RUBY_ID_ITEM_EQUIP_SHIELD_MIKAGAMINOTATE,"Silver Shield"
RUBY_ID_ITEM_EQUIP_SHIELD_METASURANOTATE,"Metal Slime Shield"
RUBY_ID_ITEM_EQUIP_SHIELD_SEIOUNOTATE,"Dryspell Shield"
RUBY_ID_ITEM_EQUIP_SHIELD_SEIJYONOTATE,"Saintess Shield"
RUBY_ID_ITEM_EQUIP_SHIELD_KASHINOOOTATE,"Oak Greatshield"
RUBY_ID_ITEM_EQUIP_SHIELD_TETSUNOOOTATE,"Iron Shield"
RUBY_ID_ITEM_EQUIP_SHIELD_HAGANENOOOTATE,"Steel Greatshield"
RUBY_ID_ITEM_EQUIP_SHIELD_SENSHINOOOTATE,"Warrior's Greatshield"
RUBY_ID_ITEM_EQUIP_SHIELD_PURACHINASHIRUDO,"Platinum Shield"
RUBY_ID_ITEM_EQUIP_SHIELD_DORAGONSHIRUDO,"Dragon Shield"
RUBY_ID_ITEM_EQUIP_SHIELD_OYABUNNOOOTATE,"Big Boss Shield"
RUBY_ID_ITEM_EQUIP_SHIELD_SEIKISHINOOOTATE,"Paladin's Greatshield"
RUBY_ID_ITEM_EQUIP_SHIELD_OGASHIRUDO,"Ogre Shield"
RUBY_ID_ITEM_EQUIP_SHIELD_JYAGANNOOOTATE,"Evil-Eye Greatshield"
RUBY_ID_ITEM_EQUIP_SHIELD_SEIOUNOOOTATE,"Dryspell Greatshield"
RUBY_ID_ITEM_EQUIP_SHIELD_URUBEANOOOTATE,"Urbea Greatshield"
RUBY_ID_ITEM_EQUIP_SHIELD_ZERESUTAITONOOOTATE,"Celestite Greatshield"
RUBY_ID_ITEM_EQUIP_SHIELD_ROTONOTATE,"Erdrick's Shield"
RUBY_ID_ITEM_EQUIP_FISHROD_JYOUBUNATSURIZAO,"Strong Fishing Rod"
RUBY_ID_ITEM_EQUIP_FISHROD_KIREINATSURIZAO,"Beautiful Fishing Rod"
RUBY_ID_ITEM_EQUIP_FISHROD_HONOONOTSURIZAO,"Fire Fishing Rod"
RUBY_ID_ITEM_EQUIP_FISHROD_KOORINOTSURIZAO,"Ice Fishing Rod"
RUBY_ID_ITEM_EQUIP_FISHROD_YAMINOTSURIZAO,"Dark Fishing Rod"
RUBY_ID_ITEM_EQUIP_FISHROD_KISEKINOTSURIZAO,"Miracle Fishing Rod"
RUBY_ID_ITEM_EQUIP_LURE_GINNORUA,"Silver Lure"
RUBY_ID_ITEM_EQUIP_LURE_PURACHINARUA,"Platinum Lure"
RUBY_ID_ITEM_EQUIP_LURE_MADYURAITORUA,"Darkonium Lure"
RUBY_ID_ITEM_EQUIP_LURE_TENSHINORUA,"Angel Lure"
RUBY_ID_ITEM_EQUIP_LURE_TOGETOGERUA,"Spiky Lure"
RUBY_ID_ITEM_EQUIP_LURE_YAIBANORUA,"Pointy Lure"
EXPLANATION_ID_ITEM_EQUIP_ONEHANDEDSWORD_DOUNOTSURUGI,"Plain old sword\nmade of copper."
EXPLANATION_ID_ITEM_EQUIP_ONEHANDEDSWORD_ETENENOKEN,"A simple sword from\nEthene Village."
EXPLANATION_ID_ITEM_EQUIP_ONEHANDEDSWORD_SHOSHINSHAYOUNOKATATEKEN,"Simple sword\nfor new\nadventurers."
EXPLANATION_ID_ITEM_EQUIP_ONEHANDEDSWORD_REIPIA,"Slender and\nstylish sword."
EXPLANATION_ID_ITEM_EQUIP_ONEHANDEDSWORD_SEIDOUNOTSURUGI,"Simple sword\nmade of bronze."
EXPLANATION_ID_ITEM_EQUIP_ONEHANDEDSWORD_TETSUNOTSURUGI,"Easy to use\nsword made of\niron."
EXPLANATION_ID_ITEM_EQUIP_ONEHANDEDSWORD_SANZOKUNOSABERU,"Simple shaped\nsabre often\nused by bandits."
EXPLANATION_ID_ITEM_EQUIP_ONEHANDEDSWORD_BASUTADOSODO,"Often used by\nfull-fledged\nadventurers."
EXPLANATION_ID_ITEM_EQUIP_ONEHANDEDSWORD_GINNOREIPIA,"Cool, slender\nsword made of\nsilver."
EXPLANATION_ID_ITEM_EQUIP_ONEHANDEDSWORD_HAGANENOTSURUGI,"Sword made of\nsteel with a\nheavy feel."
EXPLANATION_ID_ITEM_EQUIP_ONEHANDEDSWORD_ULESUTANREIPIA,"Slender sword\nfull of pioneer\nspirit."
EXPLANATION_ID_ITEM_EQUIP_ONEHANDEDSWORD_HAJYANOTSURUGI,"Sends flames at\nthe enemy when\nused in battle."
EXPLANATION_ID_ITEM_EQUIP_ONEHANDEDSWORD_SENSHINOKEN,"Sharp sword\nmade for a\nwarrior."
EXPLANATION_ID_ITEM_EQUIP_ONEHANDEDSWORD_HAYABUSANOKEN,"Marvelous sword\nthat can attack\ntwice quickly."
EXPLANATION_ID_ITEM_EQUIP_ONEHANDEDSWORD_MAKENSHINOREIPIA,"Slender sword\nwith a stunning\nred blade."
EXPLANATION_ID_ITEM_EQUIP_ONEHANDEDSWORD_DORAGONKIRA,"Sword that is\nvery strong\nagainst dragons."
EXPLANATION_ID_ITEM_EQUIP_ONEHANDEDSWORD_PURACHINASODO,"Extremely hard\nsword made of\nplatinum."
EXPLANATION_ID_ITEM_EQUIP_ONEHANDEDSWORD_ZONBIKIRA,"Holy sword is\nvery strong\nagainst zombies."
EXPLANATION_ID_ITEM_EQUIP_ONEHANDEDSWORD_HONOONOTSURUGI,"Fierce sword\nthat exudes the\nmagic of fire."
EXPLANATION_ID_ITEM_EQUIP_ONEHANDEDSWORD_KISEKINOTSURUGI,"Sword that\nheals HP with\nevery attack."
EXPLANATION_ID_ITEM_EQUIP_ONEHANDEDSWORD_METASURANOKEN,"Very hard sword\neasily kills\nmetal monsters."
EXPLANATION_ID_ITEM_EQUIP_ONEHANDEDSWORD_ONIKISUNOMAKEN,"Magical sword\nthat increases\nMax MP."
EXPLANATION_ID_ITEM_EQUIP_ONEHANDEDSWORD_HOSHIKUZUNOTSURUGI,"Lowers defense\nof any enemy it\nstrikes."
EXPLANATION_ID_ITEM_EQUIP_ONEHANDEDSWORD_SEIOUNOTSURUGI,"Sword with\nholy power cuts\nthrough dragons."
EXPLANATION_ID_ITEM_EQUIP_ONEHANDEDSWORD_RAITONINGUSODO,"Glows blue and\ncontains power\nof thunder."
EXPLANATION_ID_ITEM_EQUIP_ONEHANDEDSWORD_MEITOUZANTETSUMARU,"Can lower the\ndefense of the\nenemy you hit."
EXPLANATION_ID_ITEM_EQUIP_ONEHANDEDSWORD_TENMEINOTSURUGI,"Lowers attack\nof any enemy it\nstrikes."
EXPLANATION_ID_ITEM_EQUIP_ONEHANDEDSWORD_ROTONOTSURUGI,"Legendary\nsword used by\nhero Erdrick."
EXPLANATION_ID_ITEM_EQUIP_TWOHANDEDSWORD_DOUNOTAIKEN,"Two-handed\ngreatsword made\nof copper."
EXPLANATION_ID_ITEM_EQUIP_TWOHANDEDSWORD_SHOSHINSHAYOUNORYOUTEKEN,"Simple claymore\nfor new\nadventurers."
EXPLANATION_ID_ITEM_EQUIP_TWOHANDEDSWORD_BIGGUBUREDO,"Two-handed\ngreatsword made\nfor swordsmen."
EXPLANATION_ID_ITEM_EQUIP_TWOHANDEDSWORD_SEIDOUNOTAIKEN,"Two-handed\ngreatsword made\nof bronze."
EXPLANATION_ID_ITEM_EQUIP_TWOHANDEDSWORD_TETSUNOTAIKEN,"Easy to use\ngreatsword made\nof iron."
EXPLANATION_ID_ITEM_EQUIP_TWOHANDEDSWORD_BIGGUBUREDOTWO,"Greatsword used\nby knights of\nthe royal court."
EXPLANATION_ID_ITEM_EQUIP_TWOHANDEDSWORD_SHADOUEJJI,"Shiny black\nblade slays\nfoes with ease."
EXPLANATION_ID_ITEM_EQUIP_TWOHANDEDSWORD_OOBASAMI,"Large sword\ncuts enemies\nlike scissors."
EXPLANATION_ID_ITEM_EQUIP_TWOHANDEDSWORD_HAGANENOTAIKEN,"Greatsword made\nof steel with\na solid feel."
EXPLANATION_ID_ITEM_EQUIP_TWOHANDEDSWORD_TAIMANOTACHI,"Large sword\nthat is strong\nagainst demons."
EXPLANATION_ID_ITEM_EQUIP_TWOHANDEDSWORD_BURADDOEJJI,"Bright sword\nthat can seal\nenemy spells."
EXPLANATION_ID_ITEM_EQUIP_TWOHANDEDSWORD_KURESENTOEJJI,"Greatsword that\noccasionally\nparalyzes."
EXPLANATION_ID_ITEM_EQUIP_TWOHANDEDSWORD_ZANYANOTACHI,"Old-fashioned\nsword with the\npower of light."
EXPLANATION_ID_ITEM_EQUIP_TWOHANDEDSWORD_PURACHINABUREDO,"Extremely hard\ngreatsword made\nof platinum."
EXPLANATION_ID_ITEM_EQUIP_TWOHANDEDSWORD_DEMONBASUTA,"Holy greatsword\nvery strong\nagainst demons."
EXPLANATION_ID_ITEM_EQUIP_TWOHANDEDSWORD_DORAGONBASUTA,"Greatsword that\nis very strong\nagainst dragons."
EXPLANATION_ID_ITEM_EQUIP_TWOHANDEDSWORD_KINGUBUREDO,"Lowers enemy\nmorale. Easier\ncritical hits."
EXPLANATION_ID_ITEM_EQUIP_TWOHANDEDSWORD_TAIGOKUKEN,"Claymore with\npower of flames\nto burn enemies."
EXPLANATION_ID_ITEM_EQUIP_TWOHANDEDSWORD_METASURANOTAIKEN,"Very hard sword\neasily kills\nmetal monsters."
EXPLANATION_ID_ITEM_EQUIP_TWOHANDEDSWORD_TENMANOTAIKEN,"Sword that can\nerase an enemy's\npositive effects."
EXPLANATION_ID_ITEM_EQUIP_TWOHANDEDSWORD_FOSUBUREDO,"Imbued with\nthunder and\nslays elemental."
EXPLANATION_ID_ITEM_EQUIP_TWOHANDEDSWORD_SEIOUNOTAIKEN,"Claymore with\nholy power cuts\nthrough dragons."
EXPLANATION_ID_ITEM_EQUIP_TWOHANDEDSWORD_ENPAIABUREDO,"Lowers enemy\nmorale. Raises\ncritical rate."
EXPLANATION_ID_ITEM_EQUIP_TWOHANDEDSWORD_SUISEKINOTAIKEN,"Breaks through\nmany kinds of\nprotection."
EXPLANATION_ID_ITEM_EQUIP_TWOHANDEDSWORD_KEIOSUBUREDO,"May activate\nOomphle at\nstart of battle."
EXPLANATION_ID_ITEM_EQUIP_KNIFE_BURONZUNAIFU,"Small knife\nmade of bronze."
EXPLANATION_ID_ITEM_EQUIP_KNIFE_SHOSHINSHAYOUNOTANKEN,"Simple dagger\nfor new\nadventurers."
EXPLANATION_ID_ITEM_EQUIP_KNIFE_SEINARUNAIFU,"Knife with holy\npower strong\nagainst zombies."
EXPLANATION_ID_ITEM_EQUIP_KNIFE_DOKUGANONAIFU,"Occasionally\nparalyzes the\nenemy."
EXPLANATION_ID_ITEM_EQUIP_KNIFE_SIBUSUNAIFU,"Combat knife\nfavored by\nthieves."
EXPLANATION_ID_ITEM_EQUIP_KNIFE_ASASHINDAGA,"Deadly weapon\ncan hit enemy's\nvital spot."
EXPLANATION_ID_ITEM_EQUIP_KNIFE_DOKUBARI,"Deadly weapon\ncan hit enemy's\nvital spot."
EXPLANATION_ID_ITEM_EQUIP_KNIFE_GINNOTANKEN,"Beautiful\ndecoration\non the hilt."
EXPLANATION_ID_ITEM_EQUIP_KNIFE_IGURUDAGA,"Makes it easier\nto launch a\nfirst strike."
EXPLANATION_ID_ITEM_EQUIP_KNIFE_KOAKUMANONAIFU,"Occasionally\nfools the\nenemy it hits."
EXPLANATION_ID_ITEM_EQUIP_KNIFE_KIRAPIASU,"Earring-shaped\ndagger that\nattacks twice."
EXPLANATION_ID_ITEM_EQUIP_KNIFE_YORUNOPAPIYON,"Occasionally\nconfuses the\nenemy it hits."
EXPLANATION_ID_ITEM_EQUIP_KNIFE_SODOBUREIKA,"Occasionally\nlowers the\nenemy's attack."
EXPLANATION_ID_ITEM_EQUIP_KNIFE_KOORINOYAIBA,"Sends ice at\nthe enemy when\nused in battle."
EXPLANATION_ID_ITEM_EQUIP_KNIFE_GURADHIUSU,"Short sword\nused by\ngladiators."
EXPLANATION_ID_ITEM_EQUIP_KNIFE_BURADDOPIKKU,"Deadly weapon\ncan hit enemy's\nvital spot."
EXPLANATION_ID_ITEM_EQUIP_KNIFE_SARAMANDA,"Dagger that\npossesses the\npower of fire."
EXPLANATION_ID_ITEM_EQUIP_KNIFE_OUKENONAIFU,"Charms humans\nand increases\nMax MP."
EXPLANATION_ID_ITEM_EQUIP_KNIFE_FARUKONDAGA,"Makes it easier\nto launch a\nfirst strike."
EXPLANATION_ID_ITEM_EQUIP_KNIFE_KOGARASINODAGA,"Unique dagger\nwith power of a\ngust of wind."
EXPLANATION_ID_ITEM_EQUIP_KNIFE_SAUZANDODAGA,"Makes it easier\nto launch a\nfirst strike."
EXPLANATION_ID_ITEM_EQUIP_KNIFE_SEIOUNONAIFU,"Attack twices\nand is strong\nversus insects."
EXPLANATION_ID_ITEM_EQUIP_KNIFE_RAITONINGUDAGA,"Glows blue and\ncontains power\nof thunder."
EXPLANATION_ID_ITEM_EQUIP_KNIFE_KURISUTARUEJJI,"Better chance\nto land a\nkilling blow."
EXPLANATION_ID_ITEM_EQUIP_KNIFE_POINZUNSUKEIRU,"Knife calls\nforth venom and\nconfusion."
EXPLANATION_ID_ITEM_EQUIP_STICK_RORIENOKOEDA,"Stick made from\na broken laurel\nbranch."
EXPLANATION_ID_ITEM_EQUIP_STICK_SHOSHINSHAYOUSUTHIKKU,"Simple wand\nfor new\nadventurers."
EXPLANATION_ID_ITEM_EQUIP_STICK_PINSUTHIKKU,"Easy to use\nwand with a\nball on the end."
EXPLANATION_ID_ITEM_EQUIP_STICK_FURAWASUTHIKKU,"Charms insects\nand increases\nmaximum HP."
EXPLANATION_ID_ITEM_EQUIP_STICK_SURAIMUSUTEKKI,"Easily takes\naway the MP of\nslime types."
EXPLANATION_ID_ITEM_EQUIP_STICK_TSUINKURUTAKUTO,"Rare chance of\nconfusing the\nenemy it hits."
EXPLANATION_ID_ITEM_EQUIP_STICK_MOMONSUTHIKKU,"Easy to take\naway a demon's\nMP."
EXPLANATION_ID_ITEM_EQUIP_STICK_FEZASUTHIKKU,"Wand that holds\nthe power of a\ngentle breeze."
EXPLANATION_ID_ITEM_EQUIP_STICK_SURATAWASUTEKKI,"Easily takes\naway the MP of\nslime types."
EXPLANATION_ID_ITEM_EQUIP_STICK_RABURISUTHIKKU,"Occasionally\ncharms the\nenemy it hits."
EXPLANATION_ID_ITEM_EQUIP_STICK_MAJIKARUSUTHIKKU,"Magical wand\nthat increases\nMax MP."
EXPLANATION_ID_ITEM_EQUIP_STICK_MATEKINOSUTHIKKU,"Rarely fails to\ncharm the enemy\nit strikes."
EXPLANATION_ID_ITEM_EQUIP_STICK_MAPORENASUTEKKI,"Easy to take\naway a demon's\nMP."
EXPLANATION_ID_ITEM_EQUIP_STICK_DORAGONSUTHIKKU,"Easily takes\naway the MP of\ndragon types."
EXPLANATION_ID_ITEM_EQUIP_STICK_PERORINSUTEKKI,"Occasionally\nconfuses the\nenemies hit."
EXPLANATION_ID_ITEM_EQUIP_STICK_PARASORUSUTHIKKU,"Wand that can\nalso be used as\nan umbrella."
EXPLANATION_ID_ITEM_EQUIP_STICK_TENSHINOTAKUTO,"Increases\nMaximum MP and\nMagical Might."
EXPLANATION_ID_ITEM_EQUIP_STICK_YUGUDORASHIRU,"Charms insects\nand increases\nmaximum HP."
EXPLANATION_ID_ITEM_EQUIP_STICK_AKUMANOTAKUTO,"Lowers the\ndefenses of\nenemies hit."
EXPLANATION_ID_ITEM_EQUIP_STICK_GOSHIKKUPARASORU,"Makes it easier\nto steal MP\nfrom enemies."
EXPLANATION_ID_ITEM_EQUIP_STICK_TAITANIASUTEKKI,"Loved by the\nfairy queen who\nattract insects."
EXPLANATION_ID_ITEM_EQUIP_STICK_SEIOUNOSUTHIKKU,"Wand with holy\npower strong\nagainst demons."
EXPLANATION_ID_ITEM_EQUIP_STICK_HIKARINOTAKUTO,"New age wand\nwith Faster\nCaster."
EXPLANATION_ID_ITEM_EQUIP_STICK_FANTASUTHIKKU,"Dream stick\nbursting with\nglitter pawns."
EXPLANATION_ID_ITEM_EQUIP_STICK_RAKURIMATAKUTO,"Holy prayers\nprotect the\nwielder."
EXPLANATION_ID_ITEM_EQUIP_ROD_KASHINOTSUE,"Simple walking\nstick made from\na piece of oak."
EXPLANATION_ID_ITEM_EQUIP_ROD_SHOSHINSHAYOUNORYOUTETSUE,"Simple staff\nfor new\nadventurers."
EXPLANATION_ID_ITEM_EQUIP_ROD_MADOUSHINOTSUE,"Shoots out\nfireballs when\nused in battle."
EXPLANATION_ID_ITEM_EQUIP_ROD_SABAKINOTSUE,"Cuts enemies\nwith wind when\nused in battle."
EXPLANATION_ID_ITEM_EQUIP_ROD_AMAGUMONOTSUE,"Contains a rain\ncloud that harms\nwater types."
EXPLANATION_ID_ITEM_EQUIP_ROD_MAHUJINOTSUE,"Blocks enemy\nspells when\nused in battle."
EXPLANATION_ID_ITEM_EQUIP_ROD_UMINARINOTSUE,"Strong against\nwater types and\ntakes their MP."
EXPLANATION_ID_ITEM_EQUIP_ROD_YOUSEINOTSUE,"Inhabited by\nfairies and\nRaises Max MP."
EXPLANATION_ID_ITEM_EQUIP_ROD_IKAZUCHINOTSUE,"Lightning hits\nenemies when\nused in battle."
EXPLANATION_ID_ITEM_EQUIP_ROD_PIORANOTSUE,"Increases\nAgility when\nused in battle."
EXPLANATION_ID_ITEM_EQUIP_ROD_MAGUMANOTSUE,"Creates an\nexplosion when\nused in battle."
EXPLANATION_ID_ITEM_EQUIP_ROD_RUNSUTAFFU,"Raises Max MP\nand Mag. Might.\nParalyzes foes."
EXPLANATION_ID_ITEM_EQUIP_ROD_SEIREINOTSUE,"Beautiful staff\nthat increases\nMaximum MP."
EXPLANATION_ID_ITEM_EQUIP_ROD_KOORINOTSUE,"Ice crushes the\nenemy when used\nin battle."
EXPLANATION_ID_ITEM_EQUIP_ROD_MAGANNOTSUE,"Raises Max MP\nand Mag. Might.\nCurses enemies."
EXPLANATION_ID_ITEM_EQUIP_ROD_SEIRENNOTSUE,"More resistant\nto spells when\nused in battle."
EXPLANATION_ID_ITEM_EQUIP_ROD_FUKUINNOTSUE,"Restores HP\nwhen used in\nbattle."
EXPLANATION_ID_ITEM_EQUIP_ROD_AKUWANDO,"Increases\nMaximum MP and\nMagical Might."
EXPLANATION_ID_ITEM_EQUIP_ROD_KENJYANOTSUE,"Ward off breath\nattacks when\nused in battle."
EXPLANATION_ID_ITEM_EQUIP_ROD_MEGAMINOTSUE,"Raises Max MP,\nMag. Might and\nslays demons."
EXPLANATION_ID_ITEM_EQUIP_ROD_DORAGONNOTSUE,"Shoots fireball\nand drains a\ndragons's MP."
EXPLANATION_ID_ITEM_EQUIP_ROD_SEIOUNOTSUE,"Staff with holy\npower strong\nagainst demons."
EXPLANATION_ID_ITEM_EQUIP_ROD_HIKARINOTSUE,"Can activate\nMagic Cloak at\nstart of battle."
EXPLANATION_ID_ITEM_EQUIP_ROD_FUSISHANOMAJYOU,"Magic of undead\nbreaks the\nmagic barrier."
EXPLANATION_ID_ITEM_EQUIP_ROD_IRISUNOTSUE,"Mysterious wand\nwith Faster\nCaster."
EXPLANATION_ID_ITEM_EQUIP_SPEAR_TAKEYARI,"Simple piece of\nbamboo cut from\nthe ground."
EXPLANATION_ID_ITEM_EQUIP_SPEAR_SHOSHINSHAYOUNOYARI,"Simple spear\nfor new\nadventurers."
EXPLANATION_ID_ITEM_EQUIP_SPEAR_RONGUSUPIA,"Long, strong,\nand large\njavelin."
EXPLANATION_ID_ITEM_EQUIP_SPEAR_SEIDOUNOYARI,"Common spear\nmade of bronze."
EXPLANATION_ID_ITEM_EQUIP_SPEAR_TETSUNOYARI,"Easy to use\nspear made of\niron."
EXPLANATION_ID_ITEM_EQUIP_SPEAR_KONOEHEINOYARI,"Stylish spear\nused by the\nKing's guards."
EXPLANATION_ID_ITEM_EQUIP_SPEAR_HORIRANSU,"Spear with holy\npower strong\nagainst zombies."
EXPLANATION_ID_ITEM_EQUIP_SPEAR_BATORUFOKU,"Spear makes it\neasy to get a\ncritical hit."
EXPLANATION_ID_ITEM_EQUIP_SPEAR_HAGANENOYARI,"Spear made of\nsteel with a\nsolid feel."
EXPLANATION_ID_ITEM_EQUIP_SPEAR_INAZUMANOYARI,"Has power of\nthunder and\nraises agility."
EXPLANATION_ID_ITEM_EQUIP_SPEAR_PARUCHIZAN,"Has blades on\nboth sides of\nthe spearhead."
EXPLANATION_ID_ITEM_EQUIP_SPEAR_GURAKOSUNOYARI,"Rare chance to\ncharm water\ntypes."
EXPLANATION_ID_ITEM_EQUIP_SPEAR_SAJINNOYARI,"Dazzles the\nenemy when\nused in battle."
EXPLANATION_ID_ITEM_EQUIP_SPEAR_PURACHINANOYARI,"Extremely hard\nspear made of\nplatinum."
EXPLANATION_ID_ITEM_EQUIP_SPEAR_DEMONSUPIA,"Deadly weapon\ncan hit enemy's\nvital spot."
EXPLANATION_ID_ITEM_EQUIP_SPEAR_RAIJINNOYARI,"Has power of\nthunder and\nraises agility."
EXPLANATION_ID_ITEM_EQUIP_SPEAR_EIYUUNOYARI,"Attack and heal\nyourself at the\nsame time."
EXPLANATION_ID_ITEM_EQUIP_SPEAR_OSEANOSUSUPIA,"Use Sea God's\npower to charm\nwater types."
EXPLANATION_ID_ITEM_EQUIP_SPEAR_METASURANOYARI,"Charms slime\nenemies. Strong\nagainst metal."
EXPLANATION_ID_ITEM_EQUIP_SPEAR_SEIKISHINOYARI,"Strong against\nzombie and\ndemon types."
EXPLANATION_ID_ITEM_EQUIP_SPEAR_KISHINNOMASOU,"Pierces shields\nand is feared\nby demons."
EXPLANATION_ID_ITEM_EQUIP_SPEAR_SEIOUNOYARI,"Increases parry\nrate. Strong\nagainst beasts."
EXPLANATION_ID_ITEM_EQUIP_SPEAR_SERAFIMUNOYARI,"May activate\nGoddess' Grace\nstart of battle."
EXPLANATION_ID_ITEM_EQUIP_SPEAR_ATENANOSEISOU,"Holy prayers\nprotect the\nwielder."
EXPLANATION_ID_ITEM_EQUIP_SPEAR_BURADDOSUPIA,"May activate\nOomph at\nstart of battle."
EXPLANATION_ID_ITEM_EQUIP_AXE_DOUNOONO,"Common axe with\ncopper blade on\nwooden handle."
EXPLANATION_ID_ITEM_EQUIP_AXE_SHOSHINSHAYOUNOONO,"Simple axe\nfor new\nadventurers."
EXPLANATION_ID_ITEM_EQUIP_AXE_SEIDOUNOONO,"Simple axe with\nbronze blade on\nwooden handle."
EXPLANATION_ID_ITEM_EQUIP_AXE_SANZOKUNOONO,"Used by bandits\nand strong\nagainst beasts."
EXPLANATION_ID_ITEM_EQUIP_AXE_RAITOAKKUSU,"Lightweight axe\nthat is strong\nagainst plants."
EXPLANATION_ID_ITEM_EQUIP_AXE_TETSUNOONO,"Easy-to-use\naxe made of\niron."
EXPLANATION_ID_ITEM_EQUIP_AXE_BATORUAKKUSU,"Sharp axe made\nfor fighting."
EXPLANATION_ID_ITEM_EQUIP_AXE_SHIRUBAAKKUSU,"Double-edged\naxe made of\nshining silver."
EXPLANATION_ID_ITEM_EQUIP_AXE_HAGANENOONO,"Axe made of\nsteel with a\nsolid feel."
EXPLANATION_ID_ITEM_EQUIP_AXE_KARUSADORAAKKUSU,"Heavy axe\nstrong against\nMachine types."
EXPLANATION_ID_ITEM_EQUIP_AXE_MUNAKKUSU,"Uses magic of\nmoonlight to\nconfuse foes."
EXPLANATION_ID_ITEM_EQUIP_AXE_TATSUJINNOONO,"Used by master\nworkers. Strong\nagainst plants."
EXPLANATION_ID_ITEM_EQUIP_AXE_KINGUAKKUSU,"Axe engraved\nwith runes that\nincrease max MP."
EXPLANATION_ID_ITEM_EQUIP_AXE_EKURIPUSUAKKUSU,"Uses power of\nan eclipse to\nconfuse enemies."
EXPLANATION_ID_ITEM_EQUIP_AXE_SHAMANAKKUSU,"Axe with a\nsinister face\ncarved on it."
EXPLANATION_ID_ITEM_EQUIP_AXE_FUBUKINOONO,"Axe with the\nmagical power\nof chilling ice."
EXPLANATION_ID_ITEM_EQUIP_AXE_KAIZAAKKUSU,"Axe engraved\nwith runes that\nincrease max MP."
EXPLANATION_ID_ITEM_EQUIP_AXE_DESUTOROIYA,"Strong against\nmechs. Raises\ncritical rate."
EXPLANATION_ID_ITEM_EQUIP_AXE_HASHANOONO,"Shaped like the\nKing of Demons.\nSlays humanoids."
EXPLANATION_ID_ITEM_EQUIP_AXE_GURETOAKKUSU,"Stylish axe\nthat increases\nMax MP."
EXPLANATION_ID_ITEM_EQUIP_AXE_FUNSAINOOONATA,"Strong against\nMachine and\nMaterial types."
EXPLANATION_ID_ITEM_EQUIP_AXE_SEIOUNOONO,"Axe with holy\npower cuts\nthrough plants."
EXPLANATION_ID_ITEM_EQUIP_AXE_APORONNOONO,"Combines the\nattributes of\nfire and light."
EXPLANATION_ID_ITEM_EQUIP_AXE_DYUKUAKKUSU,"Saves magic and\nstrong against\ndemon types."
EXPLANATION_ID_ITEM_EQUIP_AXE_VARANGAAKKUSU,"Rare chance of\nparalyzing the\nenemy."
EXPLANATION_ID_ITEM_EQUIP_CLUB_MONOHOSHIZAO,"Bamboo pole\nused for drying\nclothes."
EXPLANATION_ID_ITEM_EQUIP_CLUB_SHOSHINSHAYOUNOKON,"Simple rod\nfor new\nadventurers."
EXPLANATION_ID_ITEM_EQUIP_CLUB_TENBINBOU,"Strong stick\nused to carry\nheavy loads."
EXPLANATION_ID_ITEM_EQUIP_CLUB_KASHINOKON,"Slightly\nincreases dodge\nrate."
EXPLANATION_ID_ITEM_EQUIP_CLUB_ROKKAKUBOU,"Angular club\nthat seems to\nhurt very much."
EXPLANATION_ID_ITEM_EQUIP_CLUB_GYOUJYANOKON,"Simple club\nused in\ntraining."
EXPLANATION_ID_ITEM_EQUIP_CLUB_SEREMONIRODDO,"Prestigious\nclub often used\nin ceremonies."
EXPLANATION_ID_ITEM_EQUIP_CLUB_ENBUNOKON,"Cudgel with\nslightly higher\ndodge rate."
EXPLANATION_ID_ITEM_EQUIP_CLUB_MADOROMINOKON,"Rare chance to\nput enemies it\nhits to sleep."
EXPLANATION_ID_ITEM_EQUIP_CLUB_SUPAIKURODDO,"Spiked wooden\nclub with high\ncrushing power."
EXPLANATION_ID_ITEM_EQUIP_CLUB_KURASSHURODDO,"Trusty cudgel\nthat crushes\nmaterial types."
EXPLANATION_ID_ITEM_EQUIP_CLUB_REINIRODDO,"Magical power\nof ice in the\nball at the tip. "
EXPLANATION_ID_ITEM_EQUIP_CLUB_RASETSUNOKON,"Lowers the\ndefenses of\nenemies hit."
EXPLANATION_ID_ITEM_EQUIP_CLUB_ROUGABOU,"Terrifying club\nwith countless\nsharp thorns."
EXPLANATION_ID_ITEM_EQUIP_CLUB_YASHANOKON,"Used by evil\ndemons to\ndefeat monsters."
EXPLANATION_ID_ITEM_EQUIP_CLUB_DORAGONRODDO,"Shaped like a\ndragon. Strikes\ndown dragons."
EXPLANATION_ID_ITEM_EQUIP_CLUB_NICHIRINNOKON,"Tip resembles a\nsun that holds\nmagic of light."
EXPLANATION_ID_ITEM_EQUIP_CLUB_HAKUJYANOKON,"Lowers the\ndefenses of\nenemies hit."
EXPLANATION_ID_ITEM_EQUIP_CLUB_NAGEKINOKON,"Rare chance of\nconfusing the\nenemy it hits."
EXPLANATION_ID_ITEM_EQUIP_CLUB_SHURANOKON,"Raises Max MP.\nStrong against\nelement types."
EXPLANATION_ID_ITEM_EQUIP_CLUB_SHENRONRODDO,"Dragon God\ninside. Strikes\ndown dragons."
EXPLANATION_ID_ITEM_EQUIP_CLUB_SEIOUNOKON,"Rod with holy\npower slays\ndown zombies."
EXPLANATION_ID_ITEM_EQUIP_CLUB_ONMYOUDOUNOKON,"Makes enemies\nvulnerable to\nattack spells."
EXPLANATION_ID_ITEM_EQUIP_CLUB_APOKARIPUSU,"Cudgel of unity\nbetween light\nand dark magic."
EXPLANATION_ID_ITEM_EQUIP_CLUB_DEMONRODDO,"Club that\ndispels demons\nand is accurate."
EXPLANATION_ID_ITEM_EQUIP_CLAW_DOUNOTSUME,"Claws made of\ncopper that can\nattack twice."
EXPLANATION_ID_ITEM_EQUIP_CLAW_SHOSHINSHAYOUNOTSUME,"Simple claws\nfor new\nadventurers."
EXPLANATION_ID_ITEM_EQUIP_CLAW_KYATTOKURO,"Attacks twice\nand strong\nagainst birds."
EXPLANATION_ID_ITEM_EQUIP_CLAW_SEIDOUNOTSUME,"Claws made of\nbronze that can\nattack twice."
EXPLANATION_ID_ITEM_EQUIP_CLAW_TETSUNOTSUME,"Claws made of\niron that\nattack twice."
EXPLANATION_ID_ITEM_EQUIP_CLAW_MAYOKENOTSUME,"Attacks twice.\nStrong against\nelement types."
EXPLANATION_ID_ITEM_EQUIP_CLAW_SHIRUBAKURO,"Claws made of\nshining silver."
EXPLANATION_ID_ITEM_EQUIP_CLAW_KOAKUMANEIRU,"Claws of young\ndevil divas.\nCharm humanoids."
EXPLANATION_ID_ITEM_EQUIP_CLAW_HAGANENOTSUME,"Claws made of\nsteel that\nattack twice."
EXPLANATION_ID_ITEM_EQUIP_CLAW_KUROHYOUNOTSUME,"Black claws\nthat are strong\nagainst beasts."
EXPLANATION_ID_ITEM_EQUIP_CLAW_HAYABUSANOTSUME,"Sharp claws\nthat charm bird\ntypes."
EXPLANATION_ID_ITEM_EQUIP_CLAW_HONOONOTSUME,"Shoots out\nfireballs when\nused in battle."
EXPLANATION_ID_ITEM_EQUIP_CLAW_KOORINOTSUME,"Ice crushes the\nenemy when used\nin battle."
EXPLANATION_ID_ITEM_EQUIP_CLAW_DORAGONKURO,"Resembles a\ndragon. Strong\nagainst dragons."
EXPLANATION_ID_ITEM_EQUIP_CLAW_AKUMANOTSUME,"Sometimes\npoisons the\nenemy it hits."
EXPLANATION_ID_ITEM_EQUIP_CLAW_PURACHINAKURO,"Claws made of\nplatinum that\nattack twice."
EXPLANATION_ID_ITEM_EQUIP_CLAW_MAJYUUNOTSUME,"Strong against\nbeasts and\nbirds."
EXPLANATION_ID_ITEM_EQUIP_CLAW_KOBUDOUNOTSUME,"Strong against\nelement. Easier\ncritical hits."
EXPLANATION_ID_ITEM_EQUIP_CLAW_FARUKONKURO,"Strong against\nbirds. Easier\ncritical hits."
EXPLANATION_ID_ITEM_EQUIP_CLAW_MEIJYUUNOTSUME,"Demonic Claws\nthat are strong\nagainst beasts."
EXPLANATION_ID_ITEM_EQUIP_CLAW_RYUUOUNOTSUME,"Fierce claws\nthat are strong\nagainst dragons."
EXPLANATION_ID_ITEM_EQUIP_CLAW_SEIOUNOTSUME,"Claws with holy\npower shreds\napart machines."
EXPLANATION_ID_ITEM_EQUIP_CLAW_KURISUTARUKURO,"Claws that\nheal HP with\nevery attack."
EXPLANATION_ID_ITEM_EQUIP_CLAW_KYAPUTENKURO,"Pirate's key to\nincreasing drop\nrate slightly."
EXPLANATION_ID_ITEM_EQUIP_CLAW_SOUENNOTSUME,"Claw from hell\ncan lower an\nenemy's speed."
EXPLANATION_ID_ITEM_EQUIP_WHIP_KAWANOMUCHI,"Leather whip\nthat can attack\na wide area."
EXPLANATION_ID_ITEM_EQUIP_WHIP_SHOSHINSHAYOUNOMUCHI,"Simple whip\nfor new\nadventurers."
EXPLANATION_ID_ITEM_EQUIP_WHIP_IBARANOMUCHI,"Spiky whip that\ncan attack a\nwide area."
EXPLANATION_ID_ITEM_EQUIP_WHIP_BATORURIBON,"Combat ribbon\nthat can attack\na wide area."
EXPLANATION_ID_ITEM_EQUIP_WHIP_HEBIGAWANOMUCHI,"Snake-like whip\nthat can attack\na wide area."
EXPLANATION_ID_ITEM_EQUIP_WHIP_TETSUNOMUCHI,"Iron whip that\ncan attack a\nwide area."
EXPLANATION_ID_ITEM_EQUIP_WHIP_ROZUULIPPU,"Strong against\nplants. Blinds\nthe enemy."
EXPLANATION_ID_ITEM_EQUIP_WHIP_MONINGUSUTA,"Spiked iron\nball to smash\nmaterial types."
EXPLANATION_ID_ITEM_EQUIP_WHIP_PAISONULIPPU,"Rare chance to\npoison the\nenemy it hits."
EXPLANATION_ID_ITEM_EQUIP_WHIP_HAGANENOMUCHI,"Steel whip that\ncan attack a\nwide area."
EXPLANATION_ID_ITEM_EQUIP_WHIP_BISUTOULIPPU,"Useful whip\nthat is strong\nagainst beasts."
EXPLANATION_ID_ITEM_EQUIP_WHIP_SAIDOWAINDA,"Vicious whip\nthat imitates a\nlarge snake."
EXPLANATION_ID_ITEM_EQUIP_WHIP_MIWAKUNORIBON,"Strong against\nelementals. May\ndazzle enemies."
EXPLANATION_ID_ITEM_EQUIP_WHIP_DORAGONTEIRU,"Like a dragon's\ntail and strong\nagainst dragons."
EXPLANATION_ID_ITEM_EQUIP_WHIP_SUKOPIONTEIRU,"Rare chance to\nparalyze the\nenemy it hits."
EXPLANATION_ID_ITEM_EQUIP_WHIP_BASUTAULIPPU,"Whip that mows\ndown enemies\nin one sweep."
EXPLANATION_ID_ITEM_EQUIP_WHIP_AKUMANOMUCHI,"Tempting whip\nto dominate\ndemon types."
EXPLANATION_ID_ITEM_EQUIP_WHIP_KARUBEROBYUTO,"Strong against\nelements.\nRaises Max MP."
EXPLANATION_ID_ITEM_EQUIP_WHIP_JYOUOUNOMUCHI,"Strong against\nhumanoid types."
EXPLANATION_ID_ITEM_EQUIP_WHIP_SAPENTOULIPPU,"Strong against\nwater types."
EXPLANATION_ID_ITEM_EQUIP_WHIP_MAJINNOMUCHI,"Charm humanoids\nand increases\ncritical rate."
EXPLANATION_ID_ITEM_EQUIP_WHIP_SEIOUNOMUCHI,"Whip with holy\npower defeats\nhumanoid types."
EXPLANATION_ID_ITEM_EQUIP_WHIP_TORAIDENTOTEIRU,"Strong against\nZombie and\nWater types."
EXPLANATION_ID_ITEM_EQUIP_WHIP_VOIDOANKA,"Easier to get\ncritical hits."
EXPLANATION_ID_ITEM_EQUIP_WHIP_FURIZUULIPPU,"Lowers attack\nof enemies and\nparalyzes them."
EXPLANATION_ID_ITEM_EQUIP_FAN_SHIRAGINOOUGI,"Humble fan used\nby beginners in\nmartial arts."
EXPLANATION_ID_ITEM_EQUIP_FAN_SHOSHINSHAYOUNOOUGI,"Simple fan\nfor new\nadventurers."
EXPLANATION_ID_ITEM_EQUIP_FAN_HANEOUGI,"Flashy fan\ndecorated with\nbird feathers."
EXPLANATION_ID_ITEM_EQUIP_FAN_BATORUFAN,"Jagged fan that\nwas made for\ncombat."
EXPLANATION_ID_ITEM_EQUIP_FAN_TETSUNOOUGI,"Strong iron\nfan useful for\nself-defense."
EXPLANATION_ID_ITEM_EQUIP_FAN_KAMENOOUGI,"Possesses the\npower of the\nearth."
EXPLANATION_ID_ITEM_EQUIP_FAN_TORINOOUGI,"Fan that\npossesses the\npower of fire."
EXPLANATION_ID_ITEM_EQUIP_FAN_NANAHOSHINOOUGI,"Fan that is\nstrong against\ninsects."
EXPLANATION_ID_ITEM_EQUIP_FAN_KUJYAKUNOOUGI,"Gorgeous fan\nadorned with\nfine feathers."
EXPLANATION_ID_ITEM_EQUIP_FAN_NEKONOOUGI,"Fan that\npossesses the\npower of ice."
EXPLANATION_ID_ITEM_EQUIP_FAN_HEBINOOUGI,"Possesses the\npower of\nthunder."
EXPLANATION_ID_ITEM_EQUIP_FAN_MAJIKKUFAN,"Magical fan\nthat increases\nMax MP."
EXPLANATION_ID_ITEM_EQUIP_FAN_HOSHINOOUGI,"Fan's twinkling\nstars confuse\nthe enemy."
EXPLANATION_ID_ITEM_EQUIP_FAN_MASHOUNOOUGI,"Peculiar fan\nexuding an\neerie aura."
EXPLANATION_ID_ITEM_EQUIP_FAN_REINBOFAN,"Vivid fan that\ndazzles the\nenemy it hits."
EXPLANATION_ID_ITEM_EQUIP_FAN_TSUKINOOUGI,"Paralyzes the\nenemies with\nmoonlight."
EXPLANATION_ID_ITEM_EQUIP_FAN_BASHOUSEN,"Cuts enemies\nwith wind when\nused in battle."
EXPLANATION_ID_ITEM_EQUIP_FAN_TAIYOUNOOUGI,"Fan that charms\nplants with the\ndazzling sun."
EXPLANATION_ID_ITEM_EQUIP_FAN_TENKATAIHEI,"Tension may go\nup at the start\nof battle."
EXPLANATION_ID_ITEM_EQUIP_FAN_HISSATSUNOOUGI,"Tension may go\nup at the start\nof battle."
EXPLANATION_ID_ITEM_EQUIP_FAN_FUURINKAZAN,"Strong against\nmetal. Lowers\nenemy's morale."
EXPLANATION_ID_ITEM_EQUIP_FAN_SEIOUNOOUGI,"Fan with holy\npower slays\nwater enemies."
EXPLANATION_ID_ITEM_EQUIP_FAN_KAREIDOSUKOPU,"Restores a\nlittle MP after\nbattle."
EXPLANATION_ID_ITEM_EQUIP_FAN_HARUJION,"Increases Mag.\nMending. Use\nless MP."
EXPLANATION_ID_ITEM_EQUIP_FAN_SEIRANNOOUGI,"Fan with the\npower of wind\nand thunder."
EXPLANATION_ID_ITEM_EQUIP_HAMMER_KONBOU,"Primitive\ncudgel made of\noak wood."
EXPLANATION_ID_ITEM_EQUIP_HAMMER_SHOSHINSHAYOUNOHANMA,"Simple hammer\nfor new\nadventurers."
EXPLANATION_ID_ITEM_EQUIP_HAMMER_OOKIDUCHI,"Large hammer\nmade of wood."
EXPLANATION_ID_ITEM_EQUIP_HAMMER_SEIDOUNOKANADUCHI,"Blunt hammer\nmade of bronze."
EXPLANATION_ID_ITEM_EQUIP_HAMMER_OOKANADUCH,"Hammer with\nsharp spikes\nfor added power."
EXPLANATION_ID_ITEM_EQUIP_HAMMER_TETSUNOKANABOU,"Sharp Spikey\nclub made of\niron."
EXPLANATION_ID_ITEM_EQUIP_HAMMER_ULOHANMA,"Giant hammer\nmade to crush\nfoes in combat."
EXPLANATION_ID_ITEM_EQUIP_HAMMER_GINNOKANADUCHI,"Beautifully\ncrafted silver\nhammer."
EXPLANATION_ID_ITEM_EQUIP_HAMMER_HAGANENOKANADUCHI,"Hammer made of\nsteel with a\nsolid feel."
EXPLANATION_ID_ITEM_EQUIP_HAMMER_BATORUSUTANPA,"Stylish combat\nhammer with a\nlean shape."
EXPLANATION_ID_ITEM_EQUIP_HAMMER_ONINOKANABOU,"Hammer that\nholds the power\nof demons."
EXPLANATION_ID_ITEM_EQUIP_HAMMER_BONKURASSHA,"Vicious hammer\nthat is strong\nagainst zombies."
EXPLANATION_ID_ITEM_EQUIP_HAMMER_MAJIKKUTONKACHI,"Raises max MP.\nStrong against\nmaterial types."
EXPLANATION_ID_ITEM_EQUIP_HAMMER_BORUKANOHANMA,"Uses the heat\nof lava that\ndwells below."
EXPLANATION_ID_ITEM_EQUIP_HAMMER_TSUNDORAHANMA,"Has the power\nof ice and made\nfrom permafrost."
EXPLANATION_ID_ITEM_EQUIP_HAMMER_PURACHINAHANMA,"Mighty majestic\nhammer made of\nplatinum."
EXPLANATION_ID_ITEM_EQUIP_HAMMER_GURETOHANMA,"Stylish hammer\nwith a green\njewel."
EXPLANATION_ID_ITEM_EQUIP_HAMMER_KYOJINNOHANMA,"Powerful hammer\nstrong against\nMaterial types."
EXPLANATION_ID_ITEM_EQUIP_HAMMER_MEGATONHANMA,"Weighted hammer\nstrong against\nMachine types."
EXPLANATION_ID_ITEM_EQUIP_HAMMER_GODONHANMA,"Resembles a\ngiant face with\npower of fire."
EXPLANATION_ID_ITEM_EQUIP_HAMMER_MAJINNOKANADUCHI,"Easy to miss\nbut hurts a lot\nwhen it hits."
EXPLANATION_ID_ITEM_EQUIP_HAMMER_SEIOUNOHANMA,"Hammer with\nholy power slays\nmaterial foes."
EXPLANATION_ID_ITEM_EQUIP_HAMMER_DAICHIKUDAKI,"Hammer that\nincreases\nattack rate."
EXPLANATION_ID_ITEM_EQUIP_HAMMER_BARETTOHANMA,"Strong against\nMachine and\nMaterial types."
EXPLANATION_ID_ITEM_EQUIP_HAMMER_TENSHINOTETTSUI,"Protects the\nwielder from\ndeath."
EXPLANATION_ID_ITEM_EQUIP_BOOMERANG_KASHINOBUMERAN,"Plain boomerang\nmade from a\nbirch tree."
EXPLANATION_ID_ITEM_EQUIP_BOOMERANG_SHOSHINSHAYOUNOBUMERAN,"Simple\nboomerang for\nnew adventurers."
EXPLANATION_ID_ITEM_EQUIP_BOOMERANG_YAIBANOBUMERAN,"Slices through\nthe enemy with\na sharp blade."
EXPLANATION_ID_ITEM_EQUIP_BOOMERANG_BURONZUBUMERAN,"Hard boomerang\nmade of bronze."
EXPLANATION_ID_ITEM_EQUIP_BOOMERANG_KUROSUBUMERAN,"Increases its\npower by\nforming a cross."
EXPLANATION_ID_ITEM_EQUIP_BOOMERANG_AIANULINGU,"Slices through\nenemies as fast\nas the wind."
EXPLANATION_ID_ITEM_EQUIP_BOOMERANG_ULINGUEJJI,"Shaped like a\nwing and strong\nversus insects."
EXPLANATION_ID_ITEM_EQUIP_BOOMERANG_SHIRUBASAKURU,"Silver disk\ncuts through\nthe enemy."
EXPLANATION_ID_ITEM_EQUIP_BOOMERANG_KAZENOBUMERAN,"Boomerang that\nholds the power\nof the wind."
EXPLANATION_ID_ITEM_EQUIP_BOOMERANG_HAGANENOBUMERAN,"Cross-shaped\nboomerang made\nof steel."
EXPLANATION_ID_ITEM_EQUIP_BOOMERANG_TSUINSUWARO,"Boomerang is\nstrong against\ninsects."
EXPLANATION_ID_ITEM_EQUIP_BOOMERANG_NINJYAKATTA,"Contains power\nof darkness\nused by ninjas."
EXPLANATION_ID_ITEM_EQUIP_BOOMERANG_MAJIKKUCHAKURAMU,"Chakram with\nmagic jewels\nincrease Max MP."
EXPLANATION_ID_ITEM_EQUIP_BOOMERANG_HONOONOBUMERAN,"Holds Calsadora\nVolcano's power\nof fire."
EXPLANATION_ID_ITEM_EQUIP_BOOMERANG_KOORINOBUMERAN,"Holds power of\nice from Landon\nMountains."
EXPLANATION_ID_ITEM_EQUIP_BOOMERANG_PURACHINAULINGU,"Mighty majestic\nboomerang made\nof platinum."
EXPLANATION_ID_ITEM_EQUIP_BOOMERANG_BURAKKUKONDORU,"Blade that is\nstrong against\ninsects."
EXPLANATION_ID_ITEM_EQUIP_BOOMERANG_SAZANKUROSU,"Starlight blade\nstrong against\nzombies."
EXPLANATION_ID_ITEM_EQUIP_BOOMERANG_PENTAGURAMU,"Star-shaped\nboomerang that\nconfuse enemies."
EXPLANATION_ID_ITEM_EQUIP_BOOMERANG_METARUULINGU,"Charms slime\nenemies. Strong\nagainst metal."
EXPLANATION_ID_ITEM_EQUIP_BOOMERANG_METEOEJJI,"Blade like a\nmeteorite with\nlightning power."
EXPLANATION_ID_ITEM_EQUIP_BOOMERANG_SEIOUNOBUMERAN,"Boomerang with\nholy power cuts\nthrough slimes."
EXPLANATION_ID_ITEM_EQUIP_BOOMERANG_BURUFARUKON,"Occasionally\nlowers enemy's\nattack power."
EXPLANATION_ID_ITEM_EQUIP_BOOMERANG_DAKUSUTA,"Faster Caster\nand increases\nattack power."
EXPLANATION_ID_ITEM_EQUIP_BOOMERANG_TORAICHAKURAMU,"Critical rate,\nHaywire rate,\nMag. Might up."
EXPLANATION_ID_ITEM_EQUIP_BOW_AOTAKENOYUMI,"Handmade bow\nmade of warped\nbamboo."
EXPLANATION_ID_ITEM_EQUIP_BOW_SHOSHINSHAYOUNOYUMI,"Simple bow\nfor new\nadventurers."
EXPLANATION_ID_ITEM_EQUIP_BOW_WAKAGINOYUMI,"Simple bow made\nfrom thin young\nwood."
EXPLANATION_ID_ITEM_EQUIP_BOW_KOBOKUNOYUMI,"Bow sliced from\na thick branch\nof an old tree."
EXPLANATION_ID_ITEM_EQUIP_BOW_SHITANNOYUMI,"Bow cut from\nthe branch of a\nfamous tree."
EXPLANATION_ID_ITEM_EQUIP_BOW_RONGUBOU,"Large bow for\ncombat and\nhunting."
EXPLANATION_ID_ITEM_EQUIP_BOW_KARIUDONOYUMI,"Hunting bow\nsuitable for\nshooting birds."
EXPLANATION_ID_ITEM_EQUIP_BOW_KOAKUMANOYUMI,"Cute bow full\nof mischievous\nhearts."
EXPLANATION_ID_ITEM_EQUIP_BOW_EROSUNOYUMI,"Bow bearing the\nname of the\ngod of love."
EXPLANATION_ID_ITEM_EQUIP_BOW_KAZEKIRINOYUMI,"Bow that\ncarries the\npower of wind."
EXPLANATION_ID_ITEM_EQUIP_BOW_YUUWAKUNOYUMI,"Fascinating bow\nmakes enemies\nboneless."
EXPLANATION_ID_ITEM_EQUIP_BOW_GEKKOUNOYUMI,"Uses magic of\nmoonlight to\nconfuse foes."
EXPLANATION_ID_ITEM_EQUIP_BOW_HAKUCHOUNOYUMI,"Beautiful bow\nin the shape of\na swan's wing."
EXPLANATION_ID_ITEM_EQUIP_BOW_NAITOSUNAIPA,"Bow that\nenhances\ndexterity."
EXPLANATION_ID_ITEM_EQUIP_BOW_SUZAKUNOYUMI,"Bright colored\nbow that charms\nbirds."
EXPLANATION_ID_ITEM_EQUIP_BOW_MUGENNOYUMI,"Shoots arrows\nthat fly far and\npierce enemies."
EXPLANATION_ID_ITEM_EQUIP_BOW_ARUTEMISUNOYUMI,"Bow that\nconfuses the\nenemy."
EXPLANATION_ID_ITEM_EQUIP_BOW_KEIRONNOYUMI,"Bow restores HP\nwhen used in\nbattle."
EXPLANATION_ID_ITEM_EQUIP_BOW_JIGOKUNOYUMI,"Bow used by the\ndemon gods of\nhell."
EXPLANATION_ID_ITEM_EQUIP_BOW_BAJIRISUKUNOYUMI,"Bow that\nparalyzes its\nenemies."
EXPLANATION_ID_ITEM_EQUIP_BOW_TENSHINOYUMI,"Bow blessed by\nangels strong\nagainst demons."
EXPLANATION_ID_ITEM_EQUIP_BOW_SEIOUNOYUMISE,"Bow with holy\npower strong\nagainst birds."
EXPLANATION_ID_ITEM_EQUIP_BOW_ODHINBOU,"Makes the enemy\nsusceptible to\nbad effects."
EXPLANATION_ID_ITEM_EQUIP_BOW_ORUFEUSUNOYUMI,"Lyre-shaped bow\nthat can put an\nenemy to sleep."
EXPLANATION_ID_ITEM_EQUIP_BOW_ANFISUBAENA,"Poisons the\nenemy and heals\nyou."
EXPLANATION_ID_ITEM_EQUIP_SHIELD_KAWANOTATE,"Simple shield\nof leather on a\nwooden board."
EXPLANATION_ID_ITEM_EQUIP_SHIELD_UROKONOTATE,"Easy-to-use\nshield made of\nhard scales."
EXPLANATION_ID_ITEM_EQUIP_SHIELD_SEIDOUNOTATE,"Sturdy shield\nmade of bronze."
EXPLANATION_ID_ITEM_EQUIP_SHIELD_RAITOBAKKURA,"Small, light\nand easy to use\nshield."
EXPLANATION_ID_ITEM_EQUIP_SHIELD_SURAIMUTOREI,"Cute tray in\nthe shape of a\nslime."
EXPLANATION_ID_ITEM_EQUIP_SHIELD_SIRUBATOREI,"Silver tray\ncan be used as\na shield."
EXPLANATION_ID_ITEM_EQUIP_SHIELD_KOZOUBAKKURA,"Bulky shield\nthat Leery Lout\noften carries."
EXPLANATION_ID_ITEM_EQUIP_SHIELD_HOWAITOBAKKURA,"Shining white\nshield protects\nagainst fire."
EXPLANATION_ID_ITEM_EQUIP_SHIELD_SURAIMUBESUTOREI,"Excellent tray\nin the shape of\na She-Slime."
EXPLANATION_ID_ITEM_EQUIP_SHIELD_MAHOUNOTATE,"Spell-resistant\nshield engraved\nwith patterns."
EXPLANATION_ID_ITEM_EQUIP_SHIELD_FUUMANOTATE,"Powerful shield\nthat blocks\nenemy spells."
EXPLANATION_ID_ITEM_EQUIP_SHIELD_KAITOBAKKURA,"Splendid shield\nwith mysterious\npatterns."
EXPLANATION_ID_ITEM_EQUIP_SHIELD_PURACHINATOREI,"Platinum tray\ncan be used as\na shield."
EXPLANATION_ID_ITEM_EQUIP_SHIELD_RUFUNOTATE,"Protects from\nbreath and wind\nattacks."
EXPLANATION_ID_ITEM_EQUIP_SHIELD_ONIGUMONOTATE,"Creepy shield\nwith a design\nof a spider."
EXPLANATION_ID_ITEM_EQUIP_SHIELD_RUNBAKKURA,"Has jewels that\nenhance magical\npower."
EXPLANATION_ID_ITEM_EQUIP_SHIELD_MIKAGAMINOTATE,"Prevents attack\nspells and MP\nabsorption."
EXPLANATION_ID_ITEM_EQUIP_SHIELD_METASURANOTATE,"Metal shield\nprotects well\nagainst spells."
EXPLANATION_ID_ITEM_EQUIP_SHIELD_SEIOUNOTATE,"Strong against\ncurses and\nattack spells."
EXPLANATION_ID_ITEM_EQUIP_SHIELD_SEIJYONOTATE,"May activate\nAlma Mater at\nstart of battle."
EXPLANATION_ID_ITEM_EQUIP_SHIELD_KASHINOOOTATE,"Large shield\nmade from\nlayers of oak."
EXPLANATION_ID_ITEM_EQUIP_SHIELD_TETSUNOOOTATE,"Common large\nshield made of\nsteel."
EXPLANATION_ID_ITEM_EQUIP_SHIELD_HAGANENOOOTATE,"Large, sturdy\nshield made of\nsteel."
EXPLANATION_ID_ITEM_EQUIP_SHIELD_SENSHINOOOTATE,"Spell-resistant\nshield made for\nwarriors."
EXPLANATION_ID_ITEM_EQUIP_SHIELD_PURACHINASHIRUDO,"Shield that is\nresistant to\nfire attacks."
EXPLANATION_ID_ITEM_EQUIP_SHIELD_DORAGONSHIRUDO,"Protects well\nagainst breath\nattacks."
EXPLANATION_ID_ITEM_EQUIP_SHIELD_OYABUNNOOOTATE,"May frighten\nenemies when\nused in battle."
EXPLANATION_ID_ITEM_EQUIP_SHIELD_SEIKISHINOOOTATE,"Prevents dark\nattacks and\nresists spells."
EXPLANATION_ID_ITEM_EQUIP_SHIELD_OGASHIRUDO,"Protects well\nagainst breath\nattacks."
EXPLANATION_ID_ITEM_EQUIP_SHIELD_JYAGANNOOOTATE,"May put the\nenemy to sleep\nwhen guarding."
EXPLANATION_ID_ITEM_EQUIP_SHIELD_SEIOUNOOOTATE,"Strong against\nseal and breath\nattacks."
EXPLANATION_ID_ITEM_EQUIP_SHIELD_URUBEANOOOTATE,"Large shield\nthat increases\nHP."
EXPLANATION_ID_ITEM_EQUIP_SHIELD_ZERESUTAITONOOOTATE,"Protects from\nattack spells\nand boosts MP."
EXPLANATION_ID_ITEM_EQUIP_SHIELD_ROTONOTATE,"Legendary\nshield used by\nhero Erdrick."
EXPLANATION_ID_ITEM_EQUIP_FISHROD_JYOUBUNATSURIZAO,"Rod made with\na strong branch."
EXPLANATION_ID_ITEM_EQUIP_FISHROD_KIREINATSURIZAO,"Can be pulled\nwith high force."
EXPLANATION_ID_ITEM_EQUIP_FISHROD_HONOONOTSURIZAO,"Red rod with\npower of fire."
EXPLANATION_ID_ITEM_EQUIP_FISHROD_KOORINOTSURIZAO,"Cold rod with\npower of ice."
EXPLANATION_ID_ITEM_EQUIP_FISHROD_YAMINOTSURIZAO,"Evil rod with\npower of dark."
EXPLANATION_ID_ITEM_EQUIP_FISHROD_KISEKINOTSURIZAO,"Holds mystery\nof recovery."
EXPLANATION_ID_ITEM_EQUIP_LURE_GINNORUA,"Lure made of\nsilver ore."
EXPLANATION_ID_ITEM_EQUIP_LURE_PURACHINARUA,"Lure made out\nof platinum."
EXPLANATION_ID_ITEM_EQUIP_LURE_MADYURAITORUA,"Hard lure made\nof darkonium."
EXPLANATION_ID_ITEM_EQUIP_LURE_TENSHINORUA,"Lure with\nangelic power."
EXPLANATION_ID_ITEM_EQUIP_LURE_TOGETOGERUA,"Lure made of\nspiky material."
EXPLANATION_ID_ITEM_EQUIP_LURE_YAIBANORUA,"Spear-shaped\npointy lure."
NAME_ID_ITEM_EQUIP_GUEST_EIDOSUNOTSUE,"Eidos' Cane"
RUBY_ID_ITEM_EQUIP_GUEST_EIDOSUNOTSUE,"Eidos' Cane"
EXPLANATION_ID_ITEM_EQUIP_GUEST_EIDOSUNOTSUE,"Cane for Eidos."
NAME_ID_ITEM_EQUIP_GUEST_RORIENOKOEDA,""
RUBY_ID_ITEM_EQUIP_GUEST_RORIENOKOEDA,""
EXPLANATION_ID_ITEM_EQUIP_GUEST_RORIENOKOEDA,""
